-- phpMyAdmin SQL Dump
-- version 5.2.3
-- https://www.phpmyadmin.net/
--
-- Máy chủ: nhom09_mysql
-- Thời gian đã tạo: Th4 26, 2026 lúc 03:47 PM
-- Phiên bản máy phục vụ: 8.0.44
-- Phiên bản PHP: 8.3.30

SET SQL_MODE = "NO_AUTO_VALUE_ON_ZERO";
START TRANSACTION;
SET time_zone = "+00:00";


/*!40101 SET @OLD_CHARACTER_SET_CLIENT=@@CHARACTER_SET_CLIENT */;
/*!40101 SET @OLD_CHARACTER_SET_RESULTS=@@CHARACTER_SET_RESULTS */;
/*!40101 SET @OLD_COLLATION_CONNECTION=@@COLLATION_CONNECTION */;
/*!40101 SET NAMES utf8mb4 */;

--
-- Cơ sở dữ liệu: `tourbookingdb`
--

-- --------------------------------------------------------

--
-- Cấu trúc bảng cho bảng `bank_txn`
--

CREATE TABLE `bank_txn` (
  `BankTxnID` int NOT NULL,
  `Provider` varchar(50) NOT NULL,
  `ProviderRef` varchar(100) NOT NULL,
  `Amount` decimal(18,2) NOT NULL,
  `Description` varchar(255) DEFAULT NULL,
  `PaidAt` datetime NOT NULL,
  `RawPayload` longtext,
  `CreatedAt` timestamp NOT NULL DEFAULT CURRENT_TIMESTAMP
) ENGINE=InnoDB DEFAULT CHARSET=utf8mb4 COLLATE=utf8mb4_0900_ai_ci;

-- --------------------------------------------------------

--
-- Cấu trúc bảng cho bảng `booking`
--

CREATE TABLE `booking` (
  `BookingID` int NOT NULL,
  `UserID` int DEFAULT NULL,
  `TourID` int DEFAULT NULL,
  `BookingDate` date DEFAULT NULL,
  `NumberOfPeople` int DEFAULT NULL,
  `TotalAmount` decimal(10,2) DEFAULT NULL,
  `Status` enum('Pending','Confirmed','Cancelled') CHARACTER SET utf8mb4 COLLATE utf8mb4_general_ci DEFAULT 'Pending',
  `DiscountID` int DEFAULT NULL,
  `OrderCode` varchar(50) CHARACTER SET utf8mb4 COLLATE utf8mb4_general_ci NOT NULL,
  `UpdatedAt` timestamp NULL DEFAULT NULL ON UPDATE CURRENT_TIMESTAMP
) ENGINE=InnoDB DEFAULT CHARSET=utf8mb4 COLLATE=utf8mb4_general_ci;

--
-- Đang đổ dữ liệu cho bảng `booking`
--

INSERT INTO `booking` (`BookingID`, `UserID`, `TourID`, `BookingDate`, `NumberOfPeople`, `TotalAmount`, `Status`, `DiscountID`, `OrderCode`, `UpdatedAt`) VALUES
(9, 11, 30, '2025-08-29', 1, 3500000.00, 'Confirmed', NULL, 'ORDER20250829-XE0MMF', '2026-04-18 16:35:46'),
(13, 11, 31, '2026-04-19', 1, 4200000.00, 'Confirmed', NULL, 'ORDER20260419-79BF3X', '2026-04-19 09:57:36'),
(14, 11, 31, '2026-04-19', 1, 4200000.00, 'Confirmed', NULL, 'ORDER20260419-5AY0YZ', '2026-04-19 06:53:52'),
(15, 11, 43, '2026-04-19', 1, 38000000.00, 'Confirmed', NULL, 'ORDER20260419-I17DG3', '2026-04-19 07:31:18'),
(16, 11, 40, '2026-04-19', 1, 3100000.00, 'Confirmed', NULL, 'ORDER20260419-P9D9X4', '2026-04-19 09:27:46'),
(17, 11, 18, '2026-04-19', 1, 12000000.00, 'Pending', NULL, 'ORDER20260419-GYM0IB', NULL),
(18, 11, 18, '2026-04-19', 1, 12000000.00, 'Confirmed', NULL, 'ORDER20260419-HFD9FI', '2026-04-19 09:43:19'),
(19, 11, 31, '2026-04-19', 1, 4200000.00, 'Confirmed', NULL, 'ORDER20260419-HL7TGY', '2026-04-19 09:49:26'),
(20, 11, 20, '2026-04-19', 1, 32000000.00, 'Confirmed', NULL, 'ORDER20260419-1PL3P6', '2026-04-19 09:50:35'),
(21, 11, 30, '2026-04-19', 1, 3500000.00, 'Confirmed', NULL, 'ORDER20260419-VUQR6M', '2026-04-19 09:58:56'),
(22, 11, 40, '2026-04-19', 1, 3100000.00, 'Confirmed', NULL, 'ORDER20260419-8KUA8A', '2026-04-19 09:58:19'),
(23, 23, 30, '2026-04-19', 1, 3500000.00, 'Pending', NULL, 'ORDER20260419-45P6QV', NULL),
(24, 23, 31, '2026-04-19', 1, 4200000.00, 'Confirmed', NULL, 'ORDER20260419-80UJE2', '2026-04-19 10:10:48'),
(25, 14, 30, '2026-04-19', 1, 3500000.00, 'Confirmed', NULL, 'ORDER20260419-A10014', NULL),
(26, 15, 30, '2026-04-19', 1, 3500000.00, 'Confirmed', NULL, 'ORDER20260419-A10015', NULL),
(27, 16, 30, '2026-04-19', 1, 3500000.00, 'Confirmed', NULL, 'ORDER20260419-A10016', NULL),
(28, 17, 30, '2026-04-19', 1, 3500000.00, 'Confirmed', NULL, 'ORDER20260419-A10017', NULL),
(29, 18, 30, '2026-04-19', 1, 3500000.00, 'Confirmed', NULL, 'ORDER20260419-A10018', NULL),
(30, 19, 30, '2026-04-19', 1, 3500000.00, 'Confirmed', NULL, 'ORDER20260419-A10019', NULL),
(31, 20, 30, '2026-04-19', 1, 3500000.00, 'Confirmed', NULL, 'ORDER20260419-A10020', NULL),
(32, 21, 30, '2026-04-19', 1, 3500000.00, 'Confirmed', NULL, 'ORDER20260419-A10021', NULL),
(33, 22, 30, '2026-04-19', 1, 3500000.00, 'Confirmed', NULL, 'ORDER20260419-A10022', NULL),
(34, 23, 30, '2026-04-19', 1, 3500000.00, 'Confirmed', NULL, 'ORDER20260419-A10023', NULL),
(35, 24, 31, '2026-04-19', 1, 4200000.00, 'Confirmed', NULL, 'ORDER20260419-B20024', NULL),
(36, 25, 31, '2026-04-19', 1, 4200000.00, 'Confirmed', NULL, 'ORDER20260419-B20025', NULL),
(37, 26, 31, '2026-04-19', 1, 4200000.00, 'Confirmed', NULL, 'ORDER20260419-B20026', NULL),
(38, 27, 31, '2026-04-19', 1, 4200000.00, 'Confirmed', NULL, 'ORDER20260419-B20027', NULL),
(39, 28, 31, '2026-04-19', 1, 4200000.00, 'Confirmed', NULL, 'ORDER20260419-B20028', NULL),
(40, 29, 31, '2026-04-19', 1, 4200000.00, 'Confirmed', NULL, 'ORDER20260419-B20029', NULL),
(41, 30, 31, '2026-04-19', 1, 4200000.00, 'Confirmed', NULL, 'ORDER20260419-B20030', NULL),
(42, 31, 31, '2026-04-19', 1, 4200000.00, 'Confirmed', NULL, 'ORDER20260419-B20031', NULL),
(43, 32, 31, '2026-04-19', 1, 4200000.00, 'Confirmed', NULL, 'ORDER20260419-B20032', NULL),
(44, 33, 31, '2026-04-19', 1, 4200000.00, 'Confirmed', NULL, 'ORDER20260419-B20033', NULL),
(45, 34, 40, '2026-04-19', 1, 3100000.00, 'Confirmed', NULL, 'ORDER20260419-C30034', NULL),
(46, 35, 40, '2026-04-19', 1, 3100000.00, 'Confirmed', NULL, 'ORDER20260419-C30035', NULL),
(47, 36, 40, '2026-04-19', 1, 3100000.00, 'Confirmed', NULL, 'ORDER20260419-C30036', NULL),
(48, 37, 40, '2026-04-19', 1, 3100000.00, 'Confirmed', NULL, 'ORDER20260419-C30037', NULL),
(49, 38, 40, '2026-04-19', 1, 3100000.00, 'Confirmed', NULL, 'ORDER20260419-C30038', NULL),
(50, 39, 40, '2026-04-19', 1, 3100000.00, 'Confirmed', NULL, 'ORDER20260419-C30039', NULL),
(51, 40, 40, '2026-04-19', 1, 3100000.00, 'Confirmed', NULL, 'ORDER20260419-C30040', NULL),
(52, 41, 40, '2026-04-19', 1, 3100000.00, 'Confirmed', NULL, 'ORDER20260419-C30041', NULL),
(53, 42, 40, '2026-04-19', 1, 3100000.00, 'Confirmed', NULL, 'ORDER20260419-C30042', NULL),
(54, 43, 40, '2026-04-19', 1, 3100000.00, 'Confirmed', NULL, 'ORDER20260419-C30043', NULL),
(55, 44, 40, '2026-04-19', 1, 3100000.00, 'Confirmed', NULL, 'ORDER20260419-C30044', NULL),
(56, 45, 44, '2026-04-19', 1, 5000000.00, 'Confirmed', NULL, 'ORDER20260419-D40045', NULL),
(57, 46, 44, '2026-04-19', 1, 5000000.00, 'Confirmed', NULL, 'ORDER20260419-D40046', NULL),
(58, 47, 44, '2026-04-19', 1, 5000000.00, 'Confirmed', NULL, 'ORDER20260419-D40047', NULL),
(59, 48, 44, '2026-04-19', 1, 5000000.00, 'Confirmed', NULL, 'ORDER20260419-D40048', NULL),
(60, 49, 44, '2026-04-19', 1, 5000000.00, 'Confirmed', NULL, 'ORDER20260419-D40049', NULL),
(61, 50, 44, '2026-04-19', 1, 5000000.00, 'Confirmed', NULL, 'ORDER20260419-D40050', NULL),
(62, 51, 44, '2026-04-19', 1, 5000000.00, 'Confirmed', NULL, 'ORDER20260419-D40051', NULL),
(63, 52, 44, '2026-04-19', 1, 5000000.00, 'Confirmed', NULL, 'ORDER20260419-D40052', NULL),
(64, 53, 44, '2026-04-19', 1, 5000000.00, 'Confirmed', NULL, 'ORDER20260419-D40053', NULL),
(65, 54, 44, '2026-04-19', 1, 5000000.00, 'Confirmed', NULL, 'ORDER20260419-D40054', NULL),
(66, 55, 29, '2026-04-19', 1, 45000000.00, 'Confirmed', NULL, 'ORDER20260419-E50055', NULL),
(67, 56, 42, '2026-04-19', 1, 40000000.00, 'Confirmed', NULL, 'ORDER20260419-E50056', NULL),
(68, 57, 43, '2026-04-19', 1, 38000000.00, 'Confirmed', NULL, 'ORDER20260419-E50057', NULL),
(69, 58, 20, '2026-04-19', 1, 32000000.00, 'Confirmed', NULL, 'ORDER20260419-E50058', NULL),
(70, 59, 21, '2026-04-19', 1, 25000000.00, 'Confirmed', NULL, 'ORDER20260419-E50059', NULL),
(71, 60, 22, '2026-04-19', 1, 20000000.00, 'Confirmed', NULL, 'ORDER20260419-E50060', NULL),
(72, 61, 22, '2026-04-19', 1, 20000000.00, 'Confirmed', NULL, 'ORDER20260419-E50061', NULL),
(73, 62, 18, '2026-04-19', 1, 12000000.00, 'Confirmed', NULL, 'ORDER20260419-E50062', NULL),
(74, 63, 18, '2026-04-19', 1, 12000000.00, 'Confirmed', NULL, 'ORDER20260419-E50063', NULL),
(75, 23, 31, '2026-04-19', 1, 0.00, 'Pending', 3, 'ORDER20260419-GW088O', NULL),
(76, 23, 31, '2026-04-19', 1, 4200000.00, 'Pending', 3, 'ORDER20260419-5NC2DU', '2026-04-19 13:12:27'),
(77, 23, 31, '2026-04-21', 1, 4200000.00, 'Pending', NULL, 'ORDER20260421-T4T0PF', NULL),
(78, 23, 30, '2026-04-21', 1, 3500000.00, 'Confirmed', NULL, 'ORDER20260421-ZYP9AW', '2026-04-21 14:01:34'),
(79, 23, 30, '2026-04-21', 1, 3500000.00, 'Confirmed', NULL, 'ORDER20260421-MBJO45', '2026-04-21 14:04:56'),
(80, 23, 71, '2026-04-23', 1, 49990000.00, 'Confirmed', NULL, 'ORDER20260423-5P37TL', '2026-04-26 07:17:18'),
(81, 23, 18, '2026-04-24', 1, 12000000.00, 'Pending', NULL, 'ORDER20260424-BI3ZUM', NULL),
(82, 23, 58, '2026-04-24', 1, 5000000.00, 'Confirmed', NULL, 'ORDER20260424-4SX0UG', '2026-04-24 05:22:13'),
(83, 64, 58, '2026-04-25', 1, 5000000.00, 'Pending', NULL, 'ORDER20260425-4EH6NH', NULL),
(84, 64, 58, '2026-04-25', 1, 5000000.00, 'Pending', NULL, 'ORDER20260425-O7F8U9', NULL),
(85, 1, 71, '2026-04-25', 1, 89990000.00, 'Pending', NULL, 'ORDER20260425-CYL5MT', NULL),
(86, 23, 71, '2026-04-26', 1, 49990000.00, 'Pending', NULL, 'ORDER20260426-RAIWDM', NULL),
(87, 23, 21, '2026-04-26', 1, 25000000.00, 'Pending', NULL, 'ORDER20260426-SR48CS', NULL),
(88, 23, 21, '2026-04-26', 1, 25000000.00, 'Pending', NULL, 'ORDER20260426-JM4WD7', NULL),
(89, 23, 21, '2026-04-26', 1, 25000000.00, 'Confirmed', NULL, 'ORDER20260426-G5JH4N', '2026-04-26 08:18:11'),
(90, 64, 42, '2026-04-26', 1, 40000000.00, 'Confirmed', NULL, 'ORDER20260426-Q0X4NK', '2026-04-26 08:19:58'),
(91, 23, 66, '2026-04-26', 1, 50999000.00, 'Pending', NULL, 'ORDER20260426-5I2SQP', NULL),
(92, 23, 66, '2026-04-26', 1, 50999000.00, 'Confirmed', NULL, 'ORDER20260426-139W6U', '2026-04-26 09:43:03'),
(93, 64, 50, '2026-04-26', 1, 5000000.00, 'Confirmed', NULL, 'ORDER20260426-J39AU2', '2026-04-26 10:33:34'),
(94, 64, 45, '2026-04-26', 1, 3000000.00, 'Confirmed', NULL, 'ORDER20260426-XU8V0C', '2026-04-26 13:21:27'),
(95, 64, 58, '2026-04-26', 1, 5000000.00, 'Pending', NULL, 'ORDER20260426-NZIZRF', NULL),
(96, 64, 50, '2026-04-26', 1, 5000000.00, 'Pending', NULL, 'ORDER20260426-N9DD0S', NULL),
(97, 14, NULL, '2026-04-20', 2, 8400000.00, 'Confirmed', NULL, 'BKD_DEMO_97', '2026-04-26 14:06:49'),
(98, 15, NULL, '2026-04-21', 3, 12600000.00, 'Confirmed', NULL, 'BKD_DEMO_98', '2026-04-26 14:06:49'),
(99, 16, NULL, '2026-04-22', 1, 4200000.00, 'Pending', NULL, 'BKD_DEMO_99', '2026-04-26 14:06:49'),
(100, 17, NULL, '2026-04-20', 2, 13800000.00, 'Confirmed', NULL, 'BKD_DEMO_100', '2026-04-26 14:06:49'),
(101, 18, NULL, '2026-04-21', 2, 13800000.00, 'Confirmed', NULL, 'BKD_DEMO_101', '2026-04-26 14:06:49'),
(102, 19, NULL, '2026-04-23', 1, 6900000.00, 'Pending', NULL, 'BKD_DEMO_102', '2026-04-26 14:06:49'),
(103, 20, NULL, '2026-04-20', 3, 10800000.00, 'Confirmed', NULL, 'BKD_DEMO_103', '2026-04-26 14:06:49'),
(104, 21, NULL, '2026-04-22', 2, 7200000.00, 'Confirmed', NULL, 'BKD_DEMO_104', '2026-04-26 14:06:49'),
(105, 22, NULL, '2026-04-22', 4, 10000000.00, 'Confirmed', NULL, 'BKD_DEMO_105', '2026-04-26 14:06:49'),
(106, 23, NULL, '2026-04-23', 2, 5000000.00, 'Pending', NULL, 'BKD_DEMO_106', '2026-04-26 14:06:49'),
(107, 24, NULL, '2026-04-19', 2, 33000000.00, 'Confirmed', NULL, 'BKD_DEMO_107', '2026-04-26 14:06:49'),
(108, 25, NULL, '2026-04-21', 1, 16500000.00, 'Confirmed', NULL, 'BKD_DEMO_108', '2026-04-26 14:06:49'),
(109, 26, NULL, '2026-04-20', 2, 39600000.00, 'Confirmed', NULL, 'BKD_DEMO_109', '2026-04-26 14:06:49'),
(110, 27, NULL, '2026-04-21', 1, 19800000.00, 'Confirmed', NULL, 'BKD_DEMO_110', '2026-04-26 14:06:49'),
(111, 14, NULL, '2026-04-20', 1, 36500000.00, 'Confirmed', NULL, 'BKD_DEMO_111', '2026-04-26 14:06:49'),
(112, 15, NULL, '2026-04-22', 1, 36500000.00, 'Pending', NULL, 'BKD_DEMO_112', '2026-04-26 14:06:49'),
(113, 16, NULL, '2026-04-20', 1, 33800000.00, 'Confirmed', NULL, 'BKD_DEMO_113', '2026-04-26 14:06:49'),
(114, 17, NULL, '2026-04-22', 2, 67600000.00, 'Confirmed', NULL, 'BKD_DEMO_114', '2026-04-26 14:06:49'),
(116, 66, 30, '2026-04-26', 1, 3500000.00, 'Confirmed', NULL, 'ORDER20260426-U66', NULL),
(117, 67, 30, '2026-04-26', 1, 3500000.00, 'Confirmed', NULL, 'ORDER20260426-U67', NULL),
(118, 68, 30, '2026-04-26', 1, 3500000.00, 'Confirmed', NULL, 'ORDER20260426-U68', NULL),
(119, 69, 30, '2026-04-26', 1, 3500000.00, 'Confirmed', NULL, 'ORDER20260426-U69', NULL),
(120, 70, 30, '2026-04-26', 1, 3500000.00, 'Confirmed', NULL, 'ORDER20260426-U70', NULL),
(121, 71, 30, '2026-04-26', 1, 3500000.00, 'Confirmed', NULL, 'ORDER20260426-U71', NULL),
(122, 72, 30, '2026-04-26', 1, 3500000.00, 'Confirmed', NULL, 'ORDER20260426-U72', NULL),
(123, 73, 30, '2026-04-26', 1, 3500000.00, 'Confirmed', NULL, 'ORDER20260426-U73', NULL),
(124, 74, 30, '2026-04-26', 1, 3500000.00, 'Confirmed', NULL, 'ORDER20260426-U74', NULL),
(125, 75, 30, '2026-04-26', 1, 3500000.00, 'Confirmed', NULL, 'ORDER20260426-U75', NULL),
(126, 75, 30, '2026-04-26', 1, 3500000.00, 'Confirmed', NULL, 'ORDER20260426-U76', NULL);

-- --------------------------------------------------------

--
-- Cấu trúc bảng cho bảng `category`
--

CREATE TABLE `category` (
  `CategoryID` int NOT NULL,
  `CategoryName` varchar(100) CHARACTER SET utf8mb4 COLLATE utf8mb4_general_ci NOT NULL,
  `Description` text CHARACTER SET utf8mb4 COLLATE utf8mb4_general_ci
) ENGINE=InnoDB DEFAULT CHARSET=utf8mb4 COLLATE=utf8mb4_general_ci;

--
-- Đang đổ dữ liệu cho bảng `category`
--

INSERT INTO `category` (`CategoryID`, `CategoryName`, `Description`) VALUES
(7, 'Du lịch trong nước', 'Cultural Tours'),
(10, 'Du lịch ngoài nước', 'History Tours');

-- --------------------------------------------------------

--
-- Cấu trúc bảng cho bảng `comment`
--

CREATE TABLE `comment` (
  `CommentID` int NOT NULL,
  `UserID` int DEFAULT NULL,
  `TourID` int DEFAULT NULL,
  `BookingID` int DEFAULT NULL,
  `Content` text CHARACTER SET utf8mb4 COLLATE utf8mb4_general_ci,
  `Rating` int DEFAULT NULL,
  `CreatedAt` datetime DEFAULT CURRENT_TIMESTAMP
) ENGINE=InnoDB DEFAULT CHARSET=utf8mb4 COLLATE=utf8mb4_0900_ai_ci;

--
-- Đang đổ dữ liệu cho bảng `comment`
--

INSERT INTO `comment` (`CommentID`, `UserID`, `TourID`, `BookingID`, `Content`, `Rating`, `CreatedAt`) VALUES
(6, 11, 30, NULL, 'hi', 5, '2025-08-29 21:37:25'),
(10, 11, 31, NULL, 'xuất sắc', 1, '2026-04-19 09:28:26'),
(11, 11, 20, NULL, '123', 5, '2026-04-19 09:50:14'),
(12, 23, 31, NULL, 'dd', 5, '2026-04-19 12:12:16'),
(13, 23, 31, NULL, 'tttt', 5, '2026-04-19 12:12:48'),
(14, 23, 31, NULL, 'ttt', 5, '2026-04-19 13:03:09'),
(16, 66, 30, NULL, 'Tour trải nghiệm rất tuyệt vời!', 5, '2026-04-26 15:34:23'),
(17, 67, 30, NULL, 'Giá cả hợp lý, đáng tiền.', 5, '2026-04-26 15:34:23'),
(18, 68, 30, NULL, 'Phong cảnh đẹp nhưng hơi đông đúc.', 4, '2026-04-26 15:34:23'),
(19, 69, 30, NULL, 'Hướng dẫn viên nhiệt tình, chu đáo.', 5, '2026-04-26 15:34:23'),
(20, 70, 30, NULL, 'Sẽ giới thiệu cho bạn bè.', 5, '2026-04-26 15:34:23'),
(21, 71, 30, NULL, 'Mọi thứ đều hoàn hảo.', 5, '2026-04-26 15:34:23'),
(22, 72, 30, NULL, 'Chuyến đi lưu lại nhiều kỷ niệm đẹp.', 5, '2026-04-26 15:34:23'),
(23, 73, 30, NULL, 'Đồ ăn ngon nhưng lịch trình hơi mệt.', 4, '2026-04-26 15:34:23'),
(24, 74, 30, NULL, 'Dịch vụ chuẩn như mong đợi.', 5, '2026-04-26 15:34:23'),
(25, 75, 30, NULL, 'Gia đình tôi rất hài lòng với tour này.', 5, '2026-04-26 15:34:23');

-- --------------------------------------------------------

--
-- Cấu trúc bảng cho bảng `customer_segment`
--

CREATE TABLE `customer_segment` (
  `UserID` int NOT NULL,
  `ClusterID` int NOT NULL,
  `SegmentName` varchar(100) NOT NULL,
  `TotalSpending` decimal(15,2) DEFAULT '0.00',
  `OrderCount` int DEFAULT '0',
  `DaysSinceLastPurchase` int DEFAULT '9999',
  `DiscountUsageRate` decimal(6,4) DEFAULT '0.0000',
  `AvgOrderValue` decimal(15,2) DEFAULT '0.00',
  `FavoriteCategory` varchar(255) DEFAULT NULL,
  `UpdatedAt` datetime DEFAULT CURRENT_TIMESTAMP ON UPDATE CURRENT_TIMESTAMP
) ENGINE=InnoDB DEFAULT CHARSET=utf8mb4 COLLATE=utf8mb4_0900_ai_ci;

--
-- Đang đổ dữ liệu cho bảng `customer_segment`
--

INSERT INTO `customer_segment` (`UserID`, `ClusterID`, `SegmentName`, `TotalSpending`, `OrderCount`, `DaysSinceLastPurchase`, `DiscountUsageRate`, `AvgOrderValue`, `FavoriteCategory`, `UpdatedAt`) VALUES
(1, 0, 'Khách mới / Chưa tương tác', 0.00, 0, 7, 0.0000, 0.00, 'General', '2026-04-26 15:39:59'),
(6, 0, 'Khách mới / Chưa tương tác', 0.00, 0, 7, 0.0000, 0.00, 'General', '2026-04-26 15:39:59'),
(7, 0, 'Khách mới / Chưa tương tác', 0.00, 0, 7, 0.0000, 0.00, 'General', '2026-04-26 15:39:59'),
(11, 5, 'VIP', 107800000.00, 10, 7, 0.0000, 10780000.00, 'Du lịch trong nước', '2026-04-26 15:39:59'),
(12, 4, 'Khách ít tương tác', 3500000.00, 1, 240, 0.0000, 3500000.00, 'Du lịch trong nước', '2026-04-26 14:41:53'),
(13, 0, 'Khách mới / Chưa tương tác', 0.00, 0, 7, 0.0000, 0.00, 'General', '2026-04-26 15:39:59'),
(14, 3, 'Khách mua nhiều', 48400000.00, 3, 6, 0.0000, 16133333.33, 'Du lịch trong nước', '2026-04-26 15:39:59'),
(15, 6, 'Khách ổn định', 16100000.00, 2, 5, 0.0000, 8050000.00, 'Du lịch trong nước', '2026-04-26 15:39:59'),
(16, 3, 'Khách mua nhiều', 37300000.00, 2, 6, 0.0000, 18650000.00, 'Du lịch trong nước', '2026-04-26 15:39:59'),
(17, 3, 'Khách mua nhiều', 84900000.00, 3, 4, 0.0000, 28300000.00, 'Du lịch trong nước', '2026-04-26 15:39:59'),
(18, 6, 'Khách ổn định', 17300000.00, 2, 5, 0.0000, 8650000.00, 'Du lịch trong nước', '2026-04-26 15:39:59'),
(19, 1, 'Khách mới', 3500000.00, 1, 7, 0.0000, 3500000.00, 'Du lịch trong nước', '2026-04-26 15:39:59'),
(20, 6, 'Khách ổn định', 14300000.00, 2, 6, 0.0000, 7150000.00, 'Du lịch trong nước', '2026-04-26 15:39:59'),
(21, 6, 'Khách ổn định', 10700000.00, 2, 4, 0.0000, 5350000.00, 'Du lịch trong nước', '2026-04-26 15:39:59'),
(22, 6, 'Khách ổn định', 13500000.00, 2, 4, 0.0000, 6750000.00, 'Du lịch trong nước', '2026-04-26 15:39:59'),
(23, 5, 'VIP', 145689000.00, 8, 0, 0.0000, 18211125.00, 'Du lịch trong nước', '2026-04-26 15:39:59'),
(24, 3, 'Khách mua nhiều', 37200000.00, 2, 7, 0.0000, 18600000.00, 'Du lịch trong nước', '2026-04-26 15:39:59'),
(25, 6, 'Khách ổn định', 20700000.00, 2, 5, 0.0000, 10350000.00, 'Du lịch trong nước', '2026-04-26 15:39:59'),
(26, 3, 'Khách mua nhiều', 43800000.00, 2, 6, 0.0000, 21900000.00, 'Du lịch trong nước', '2026-04-26 15:39:59'),
(27, 6, 'Khách ổn định', 24000000.00, 2, 5, 0.0000, 12000000.00, 'Du lịch trong nước', '2026-04-26 15:39:59'),
(28, 1, 'Khách mới', 4200000.00, 1, 7, 0.0000, 4200000.00, 'Du lịch trong nước', '2026-04-26 15:39:59'),
(29, 1, 'Khách mới', 4200000.00, 1, 7, 0.0000, 4200000.00, 'Du lịch trong nước', '2026-04-26 15:39:59'),
(30, 1, 'Khách mới', 4200000.00, 1, 7, 0.0000, 4200000.00, 'Du lịch trong nước', '2026-04-26 15:39:59'),
(31, 1, 'Khách mới', 4200000.00, 1, 7, 0.0000, 4200000.00, 'Du lịch trong nước', '2026-04-26 15:39:59'),
(32, 1, 'Khách mới', 4200000.00, 1, 7, 0.0000, 4200000.00, 'Du lịch trong nước', '2026-04-26 15:39:59'),
(33, 1, 'Khách mới', 4200000.00, 1, 7, 0.0000, 4200000.00, 'Du lịch trong nước', '2026-04-26 15:39:59'),
(34, 1, 'Khách mới', 3100000.00, 1, 7, 0.0000, 3100000.00, 'Du lịch trong nước', '2026-04-26 15:39:59'),
(35, 1, 'Khách mới', 3100000.00, 1, 7, 0.0000, 3100000.00, 'Du lịch trong nước', '2026-04-26 15:39:59'),
(36, 1, 'Khách mới', 3100000.00, 1, 7, 0.0000, 3100000.00, 'Du lịch trong nước', '2026-04-26 15:39:59'),
(37, 1, 'Khách mới', 3100000.00, 1, 7, 0.0000, 3100000.00, 'Du lịch trong nước', '2026-04-26 15:39:59'),
(38, 1, 'Khách mới', 3100000.00, 1, 7, 0.0000, 3100000.00, 'Du lịch trong nước', '2026-04-26 15:39:59'),
(39, 1, 'Khách mới', 3100000.00, 1, 7, 0.0000, 3100000.00, 'Du lịch trong nước', '2026-04-26 15:39:59'),
(40, 1, 'Khách mới', 3100000.00, 1, 7, 0.0000, 3100000.00, 'Du lịch trong nước', '2026-04-26 15:39:59'),
(41, 1, 'Khách mới', 3100000.00, 1, 7, 0.0000, 3100000.00, 'Du lịch trong nước', '2026-04-26 15:39:59'),
(42, 1, 'Khách mới', 3100000.00, 1, 7, 0.0000, 3100000.00, 'Du lịch trong nước', '2026-04-26 15:39:59'),
(43, 1, 'Khách mới', 3100000.00, 1, 7, 0.0000, 3100000.00, 'Du lịch trong nước', '2026-04-26 15:39:59'),
(44, 1, 'Khách mới', 3100000.00, 1, 7, 0.0000, 3100000.00, 'Du lịch trong nước', '2026-04-26 15:39:59'),
(45, 1, 'Khách mới', 5000000.00, 1, 7, 0.0000, 5000000.00, 'Du lịch trong nước', '2026-04-26 15:39:59'),
(46, 1, 'Khách mới', 5000000.00, 1, 7, 0.0000, 5000000.00, 'Du lịch trong nước', '2026-04-26 15:39:59'),
(47, 1, 'Khách mới', 5000000.00, 1, 7, 0.0000, 5000000.00, 'Du lịch trong nước', '2026-04-26 15:39:59'),
(48, 1, 'Khách mới', 5000000.00, 1, 7, 0.0000, 5000000.00, 'Du lịch trong nước', '2026-04-26 15:39:59'),
(49, 1, 'Khách mới', 5000000.00, 1, 7, 0.0000, 5000000.00, 'Du lịch trong nước', '2026-04-26 15:39:59'),
(50, 1, 'Khách mới', 5000000.00, 1, 7, 0.0000, 5000000.00, 'Du lịch trong nước', '2026-04-26 15:39:59'),
(51, 1, 'Khách mới', 5000000.00, 1, 7, 0.0000, 5000000.00, 'Du lịch trong nước', '2026-04-26 15:39:59'),
(52, 1, 'Khách mới', 5000000.00, 1, 7, 0.0000, 5000000.00, 'Du lịch trong nước', '2026-04-26 15:39:59'),
(53, 1, 'Khách mới', 5000000.00, 1, 7, 0.0000, 5000000.00, 'Du lịch trong nước', '2026-04-26 15:39:59'),
(54, 1, 'Khách mới', 5000000.00, 1, 7, 0.0000, 5000000.00, 'Du lịch trong nước', '2026-04-26 15:39:59'),
(55, 2, 'Khách trung thành', 45000000.00, 1, 7, 0.0000, 45000000.00, 'Du lịch ngoài nước', '2026-04-26 15:39:59'),
(56, 2, 'Khách trung thành', 40000000.00, 1, 7, 0.0000, 40000000.00, 'Du lịch ngoài nước', '2026-04-26 15:39:59'),
(57, 2, 'Khách trung thành', 38000000.00, 1, 7, 0.0000, 38000000.00, 'Du lịch ngoài nước', '2026-04-26 15:39:59'),
(58, 2, 'Khách trung thành', 32000000.00, 1, 7, 0.0000, 32000000.00, 'Du lịch ngoài nước', '2026-04-26 15:39:59'),
(59, 2, 'Khách trung thành', 25000000.00, 1, 7, 0.0000, 25000000.00, 'Du lịch ngoài nước', '2026-04-26 15:39:59'),
(60, 2, 'Khách trung thành', 20000000.00, 1, 7, 0.0000, 20000000.00, 'Du lịch ngoài nước', '2026-04-26 15:39:59'),
(61, 2, 'Khách trung thành', 20000000.00, 1, 7, 0.0000, 20000000.00, 'Du lịch ngoài nước', '2026-04-26 15:39:59'),
(62, 2, 'Khách trung thành', 12000000.00, 1, 7, 0.0000, 12000000.00, 'Du lịch ngoài nước', '2026-04-26 15:39:59'),
(63, 2, 'Khách trung thành', 12000000.00, 1, 7, 0.0000, 12000000.00, 'Du lịch ngoài nước', '2026-04-26 15:39:59'),
(64, 3, 'Khách mua nhiều', 48000000.00, 3, 0, 0.0000, 16000000.00, 'Du lịch trong nước', '2026-04-26 15:39:59'),
(66, 4, 'Khách ít tương tác', 3500000.00, 1, 0, 0.0000, 3500000.00, 'Du lịch trong nước', '2026-04-26 15:39:59'),
(67, 4, 'Khách ít tương tác', 3500000.00, 1, 0, 0.0000, 3500000.00, 'Du lịch trong nước', '2026-04-26 15:39:59'),
(68, 4, 'Khách ít tương tác', 3500000.00, 1, 0, 0.0000, 3500000.00, 'Du lịch trong nước', '2026-04-26 15:39:59'),
(69, 4, 'Khách ít tương tác', 3500000.00, 1, 0, 0.0000, 3500000.00, 'Du lịch trong nước', '2026-04-26 15:39:59'),
(70, 4, 'Khách ít tương tác', 3500000.00, 1, 0, 0.0000, 3500000.00, 'Du lịch trong nước', '2026-04-26 15:39:59'),
(71, 4, 'Khách ít tương tác', 3500000.00, 1, 0, 0.0000, 3500000.00, 'Du lịch trong nước', '2026-04-26 15:39:59'),
(72, 4, 'Khách ít tương tác', 3500000.00, 1, 0, 0.0000, 3500000.00, 'Du lịch trong nước', '2026-04-26 15:39:59'),
(73, 4, 'Khách ít tương tác', 3500000.00, 1, 0, 0.0000, 3500000.00, 'Du lịch trong nước', '2026-04-26 15:39:59'),
(74, 4, 'Khách ít tương tác', 3500000.00, 1, 0, 0.0000, 3500000.00, 'Du lịch trong nước', '2026-04-26 15:39:59'),
(75, 4, 'Khách ít tương tác', 7000000.00, 2, 0, 0.0000, 3500000.00, 'Du lịch trong nước', '2026-04-26 15:39:59'),
(76, 0, 'Khách mới / Chưa tương tác', 0.00, 0, 7, 0.0000, 0.00, 'General', '2026-04-26 15:39:59');

-- --------------------------------------------------------

--
-- Cấu trúc bảng cho bảng `discount`
--

CREATE TABLE `discount` (
  `DiscountID` int NOT NULL,
  `Code` varchar(50) CHARACTER SET utf8mb4 COLLATE utf8mb4_general_ci DEFAULT NULL,
  `Description` text CHARACTER SET utf8mb4 COLLATE utf8mb4_general_ci,
  `DiscountAmount` decimal(10,2) DEFAULT NULL,
  `IsPercent` tinyint(1) DEFAULT NULL,
  `StartDate` date DEFAULT NULL,
  `EndDate` date DEFAULT NULL
) ENGINE=InnoDB DEFAULT CHARSET=utf8mb4 COLLATE=utf8mb4_general_ci;

--
-- Đang đổ dữ liệu cho bảng `discount`
--

INSERT INTO `discount` (`DiscountID`, `Code`, `Description`, `DiscountAmount`, `IsPercent`, `StartDate`, `EndDate`) VALUES
(3, 'MO1', '', 100.00, 1, '2025-08-01', '2026-08-31'),
(4, 'MO2', '', 200.00, 1, '2025-08-27', '2026-09-06');

-- --------------------------------------------------------

--
-- Cấu trúc bảng cho bảng `payment`
--

CREATE TABLE `payment` (
  `PaymentID` int NOT NULL,
  `BookingID` int DEFAULT NULL,
  `Provider` varchar(50) CHARACTER SET utf8mb4 COLLATE utf8mb4_general_ci NOT NULL DEFAULT 'manualqr',
  `OrderCode` varchar(50) CHARACTER SET utf8mb4 COLLATE utf8mb4_general_ci NOT NULL,
  `PaymentDate` date DEFAULT NULL,
  `PaidAt` datetime DEFAULT NULL,
  `PaypalOrderID` varchar(255) COLLATE utf8mb4_general_ci DEFAULT NULL,
  `PaypalTransactionID` varchar(255) COLLATE utf8mb4_general_ci DEFAULT NULL,
  `UpdatedAt` timestamp NULL DEFAULT CURRENT_TIMESTAMP ON UPDATE CURRENT_TIMESTAMP,
  `Amount` decimal(10,2) DEFAULT NULL,
  `Status` enum('Pending','Paid','Failed','Cancelled') CHARACTER SET utf8mb4 COLLATE utf8mb4_general_ci NOT NULL DEFAULT 'Pending',
  `PaymentStatus` varchar(50) CHARACTER SET utf8mb4 COLLATE utf8mb4_general_ci DEFAULT NULL,
  `PaymentMethod` enum('Credit Card','Bank Transfer') CHARACTER SET utf8mb4 COLLATE utf8mb4_general_ci DEFAULT NULL
) ENGINE=InnoDB DEFAULT CHARSET=utf8mb4 COLLATE=utf8mb4_general_ci;

--
-- Đang đổ dữ liệu cho bảng `payment`
--

INSERT INTO `payment` (`PaymentID`, `BookingID`, `Provider`, `OrderCode`, `PaymentDate`, `PaidAt`, `PaypalOrderID`, `PaypalTransactionID`, `UpdatedAt`, `Amount`, `Status`, `PaymentStatus`, `PaymentMethod`) VALUES
(5, 13, 'paypal', 'ORDER20260419-79BF3X', NULL, '2026-04-19 09:57:36', '8DL17124JW554604K', '1SH29397MY893453L', '2026-04-19 09:57:36', 4200000.00, 'Paid', NULL, NULL),
(6, 14, 'paypal', 'ORDER20260419-5AY0YZ', NULL, '2026-04-19 06:53:53', '6FP68063B56888201', '0YC584561C018441D', '2026-04-19 06:53:52', 4200000.00, 'Paid', NULL, NULL),
(7, 15, 'paypal', 'ORDER20260419-I17DG3', NULL, '2026-04-19 07:31:19', '9N636416MD237172Y', '19581069CW627223H', '2026-04-19 07:31:18', 38000000.00, 'Paid', NULL, NULL),
(8, 16, 'paypal', 'ORDER20260419-P9D9X4', NULL, '2026-04-19 09:27:46', '98M99439HH9222544', '3FH9974234841622Y', '2026-04-19 09:27:46', 3100000.00, 'Paid', NULL, NULL),
(9, 17, 'manualqr', 'ORDER20260419-GYM0IB', NULL, NULL, NULL, NULL, '2026-04-19 09:40:53', 12000000.00, 'Pending', NULL, NULL),
(10, 18, 'paypal', 'ORDER20260419-HFD9FI', NULL, '2026-04-19 09:43:20', '4XN94719LX102352X', '2MP80967SU525863J', '2026-04-19 09:43:19', 12000000.00, 'Paid', NULL, NULL),
(11, 19, 'paypal', 'ORDER20260419-HL7TGY', NULL, '2026-04-19 09:49:26', '7VL99527KJ913724T', '4VP78088BW507931L', '2026-04-19 09:49:26', 4200000.00, 'Paid', NULL, NULL),
(12, 20, 'paypal', 'ORDER20260419-1PL3P6', NULL, '2026-04-19 09:50:35', '54348187J7475653E', '3M129002K38973525', '2026-04-19 09:50:35', 32000000.00, 'Paid', NULL, NULL),
(13, 21, 'paypal', 'ORDER20260419-VUQR6M', NULL, '2026-04-19 09:58:57', '2B032498PR614760K', '3MB507897Y9736728', '2026-04-19 09:58:56', 3500000.00, 'Paid', NULL, NULL),
(14, 22, 'paypal', 'ORDER20260419-8KUA8A', NULL, '2026-04-19 09:58:20', '6S862913RD2791727', '9N485807UA0625444', '2026-04-19 09:58:19', 3100000.00, 'Paid', NULL, NULL),
(15, 23, 'manualqr', 'ORDER20260419-45P6QV', NULL, NULL, '2ML686238H051734F', NULL, '2026-04-19 10:09:05', 3500000.00, 'Pending', NULL, NULL),
(16, 24, 'paypal', 'ORDER20260419-80UJE2', NULL, '2026-04-19 10:10:48', '2BH34567M1313334D', '8YA897860E227664R', '2026-04-19 10:10:48', 4200000.00, 'Paid', NULL, NULL),
(17, 23, 'paypal', 'ORDER20260419-A10014', NULL, '2026-04-19 10:20:55', 'PAYPAL-ID-A10014', 'TRANS-A10014', '2026-04-19 10:20:55', 3500000.00, 'Paid', NULL, NULL),
(18, 24, 'paypal', 'ORDER20260419-A10015', NULL, '2026-04-19 10:20:55', 'PAYPAL-ID-A10015', 'TRANS-A10015', '2026-04-19 10:20:55', 3500000.00, 'Paid', NULL, NULL),
(19, 25, 'paypal', 'ORDER20260419-A10016', NULL, '2026-04-19 10:20:55', 'PAYPAL-ID-A10016', 'TRANS-A10016', '2026-04-19 10:20:55', 3500000.00, 'Paid', NULL, NULL),
(20, 26, 'paypal', 'ORDER20260419-A10017', NULL, '2026-04-19 10:20:55', 'PAYPAL-ID-A10017', 'TRANS-A10017', '2026-04-19 10:20:55', 3500000.00, 'Paid', NULL, NULL),
(21, 27, 'paypal', 'ORDER20260419-A10018', NULL, '2026-04-19 10:20:55', 'PAYPAL-ID-A10018', 'TRANS-A10018', '2026-04-19 10:20:55', 3500000.00, 'Paid', NULL, NULL),
(22, 28, 'paypal', 'ORDER20260419-A10019', NULL, '2026-04-19 10:20:55', 'PAYPAL-ID-A10019', 'TRANS-A10019', '2026-04-19 10:20:55', 3500000.00, 'Paid', NULL, NULL),
(23, 29, 'paypal', 'ORDER20260419-A10020', NULL, '2026-04-19 10:20:55', 'PAYPAL-ID-A10020', 'TRANS-A10020', '2026-04-19 10:20:55', 3500000.00, 'Paid', NULL, NULL),
(24, 30, 'paypal', 'ORDER20260419-A10021', NULL, '2026-04-19 10:20:55', 'PAYPAL-ID-A10021', 'TRANS-A10021', '2026-04-19 10:20:55', 3500000.00, 'Paid', NULL, NULL),
(25, 31, 'paypal', 'ORDER20260419-A10022', NULL, '2026-04-19 10:20:55', 'PAYPAL-ID-A10022', 'TRANS-A10022', '2026-04-19 10:20:55', 3500000.00, 'Paid', NULL, NULL),
(26, 32, 'paypal', 'ORDER20260419-A10023', NULL, '2026-04-19 10:20:55', 'PAYPAL-ID-A10023', 'TRANS-A10023', '2026-04-19 10:20:55', 3500000.00, 'Paid', NULL, NULL),
(27, 33, 'paypal', 'ORDER20260419-B20024', NULL, '2026-04-19 10:20:55', 'PAYPAL-ID-B20024', 'TRANS-B20024', '2026-04-19 10:20:55', 4200000.00, 'Paid', NULL, NULL),
(28, 34, 'paypal', 'ORDER20260419-B20025', NULL, '2026-04-19 10:20:55', 'PAYPAL-ID-B20025', 'TRANS-B20025', '2026-04-19 10:20:55', 4200000.00, 'Paid', NULL, NULL),
(29, 35, 'paypal', 'ORDER20260419-B20026', NULL, '2026-04-19 10:20:55', 'PAYPAL-ID-B20026', 'TRANS-B20026', '2026-04-19 10:20:55', 4200000.00, 'Paid', NULL, NULL),
(30, 36, 'paypal', 'ORDER20260419-B20027', NULL, '2026-04-19 10:20:55', 'PAYPAL-ID-B20027', 'TRANS-B20027', '2026-04-19 10:20:55', 4200000.00, 'Paid', NULL, NULL),
(31, 37, 'paypal', 'ORDER20260419-B20028', NULL, '2026-04-19 10:20:55', 'PAYPAL-ID-B20028', 'TRANS-B20028', '2026-04-19 10:20:55', 4200000.00, 'Paid', NULL, NULL),
(32, 38, 'paypal', 'ORDER20260419-B20029', NULL, '2026-04-19 10:20:55', 'PAYPAL-ID-B20029', 'TRANS-B20029', '2026-04-19 10:20:55', 4200000.00, 'Paid', NULL, NULL),
(33, 39, 'paypal', 'ORDER20260419-B20030', NULL, '2026-04-19 10:20:55', 'PAYPAL-ID-B20030', 'TRANS-B20030', '2026-04-19 10:20:55', 4200000.00, 'Paid', NULL, NULL),
(34, 40, 'paypal', 'ORDER20260419-B20031', NULL, '2026-04-19 10:20:55', 'PAYPAL-ID-B20031', 'TRANS-B20031', '2026-04-19 10:20:55', 4200000.00, 'Paid', NULL, NULL),
(35, 41, 'paypal', 'ORDER20260419-B20032', NULL, '2026-04-19 10:20:55', 'PAYPAL-ID-B20032', 'TRANS-B20032', '2026-04-19 10:20:55', 4200000.00, 'Paid', NULL, NULL),
(36, 42, 'paypal', 'ORDER20260419-B20033', NULL, '2026-04-19 10:20:55', 'PAYPAL-ID-B20033', 'TRANS-B20033', '2026-04-19 10:20:55', 4200000.00, 'Paid', NULL, NULL),
(37, 43, 'paypal', 'ORDER20260419-C30034', NULL, '2026-04-19 10:20:55', 'PAYPAL-ID-C30034', 'TRANS-C30034', '2026-04-19 10:20:55', 3100000.00, 'Paid', NULL, NULL),
(38, 44, 'paypal', 'ORDER20260419-C30035', NULL, '2026-04-19 10:20:55', 'PAYPAL-ID-C30035', 'TRANS-C30035', '2026-04-19 10:20:55', 3100000.00, 'Paid', NULL, NULL),
(39, 45, 'paypal', 'ORDER20260419-C30036', NULL, '2026-04-19 10:20:55', 'PAYPAL-ID-C30036', 'TRANS-C30036', '2026-04-19 10:20:55', 3100000.00, 'Paid', NULL, NULL),
(40, 46, 'paypal', 'ORDER20260419-C30037', NULL, '2026-04-19 10:20:55', 'PAYPAL-ID-C30037', 'TRANS-C30037', '2026-04-19 10:20:55', 3100000.00, 'Paid', NULL, NULL),
(41, 47, 'paypal', 'ORDER20260419-C30038', NULL, '2026-04-19 10:20:55', 'PAYPAL-ID-C30038', 'TRANS-C30038', '2026-04-19 10:20:55', 3100000.00, 'Paid', NULL, NULL),
(42, 48, 'paypal', 'ORDER20260419-C30039', NULL, '2026-04-19 10:20:55', 'PAYPAL-ID-C30039', 'TRANS-C30039', '2026-04-19 10:20:55', 3100000.00, 'Paid', NULL, NULL),
(43, 49, 'paypal', 'ORDER20260419-C30040', NULL, '2026-04-19 10:20:55', 'PAYPAL-ID-C30040', 'TRANS-C30040', '2026-04-19 10:20:55', 3100000.00, 'Paid', NULL, NULL),
(44, 50, 'paypal', 'ORDER20260419-C30041', NULL, '2026-04-19 10:20:55', 'PAYPAL-ID-C30041', 'TRANS-C30041', '2026-04-19 10:20:55', 3100000.00, 'Paid', NULL, NULL),
(45, 51, 'paypal', 'ORDER20260419-C30042', NULL, '2026-04-19 10:20:55', 'PAYPAL-ID-C30042', 'TRANS-C30042', '2026-04-19 10:20:55', 3100000.00, 'Paid', NULL, NULL),
(46, 52, 'paypal', 'ORDER20260419-C30043', NULL, '2026-04-19 10:20:55', 'PAYPAL-ID-C30043', 'TRANS-C30043', '2026-04-19 10:20:55', 3100000.00, 'Paid', NULL, NULL),
(47, 53, 'paypal', 'ORDER20260419-C30044', NULL, '2026-04-19 10:20:55', 'PAYPAL-ID-C30044', 'TRANS-C30044', '2026-04-19 10:20:55', 3100000.00, 'Paid', NULL, NULL),
(48, 54, 'paypal', 'ORDER20260419-D40045', NULL, '2026-04-19 10:20:55', 'PAYPAL-ID-D40045', 'TRANS-D40045', '2026-04-19 10:20:55', 5000000.00, 'Paid', NULL, NULL),
(49, 55, 'paypal', 'ORDER20260419-D40046', NULL, '2026-04-19 10:20:55', 'PAYPAL-ID-D40046', 'TRANS-D40046', '2026-04-19 10:20:55', 5000000.00, 'Paid', NULL, NULL),
(50, 56, 'paypal', 'ORDER20260419-D40047', NULL, '2026-04-19 10:20:55', 'PAYPAL-ID-D40047', 'TRANS-D40047', '2026-04-19 10:20:55', 5000000.00, 'Paid', NULL, NULL),
(51, 57, 'paypal', 'ORDER20260419-D40048', NULL, '2026-04-19 10:20:55', 'PAYPAL-ID-D40048', 'TRANS-D40048', '2026-04-19 10:20:55', 5000000.00, 'Paid', NULL, NULL),
(52, 58, 'paypal', 'ORDER20260419-D40049', NULL, '2026-04-19 10:20:55', 'PAYPAL-ID-D40049', 'TRANS-D40049', '2026-04-19 10:20:55', 5000000.00, 'Paid', NULL, NULL),
(53, 59, 'paypal', 'ORDER20260419-D40050', NULL, '2026-04-19 10:20:55', 'PAYPAL-ID-D40050', 'TRANS-D40050', '2026-04-19 10:20:55', 5000000.00, 'Paid', NULL, NULL),
(54, 60, 'paypal', 'ORDER20260419-D40051', NULL, '2026-04-19 10:20:55', 'PAYPAL-ID-D40051', 'TRANS-D40051', '2026-04-19 10:20:55', 5000000.00, 'Paid', NULL, NULL),
(55, 61, 'paypal', 'ORDER20260419-D40052', NULL, '2026-04-19 10:20:55', 'PAYPAL-ID-D40052', 'TRANS-D40052', '2026-04-19 10:20:55', 5000000.00, 'Paid', NULL, NULL),
(56, 62, 'paypal', 'ORDER20260419-D40053', NULL, '2026-04-19 10:20:55', 'PAYPAL-ID-D40053', 'TRANS-D40053', '2026-04-19 10:20:55', 5000000.00, 'Paid', NULL, NULL),
(57, 63, 'paypal', 'ORDER20260419-D40054', NULL, '2026-04-19 10:20:55', 'PAYPAL-ID-D40054', 'TRANS-D40054', '2026-04-19 10:20:55', 5000000.00, 'Paid', NULL, NULL),
(58, 64, 'paypal', 'ORDER20260419-E50055', NULL, '2026-04-19 10:20:55', 'PAYPAL-ID-E50055', 'TRANS-E50055', '2026-04-19 10:20:55', 45000000.00, 'Paid', NULL, NULL),
(59, 65, 'paypal', 'ORDER20260419-E50056', NULL, '2026-04-19 10:20:55', 'PAYPAL-ID-E50056', 'TRANS-E50056', '2026-04-19 10:20:55', 40000000.00, 'Paid', NULL, NULL),
(60, 66, 'paypal', 'ORDER20260419-E50057', NULL, '2026-04-19 10:20:55', 'PAYPAL-ID-E50057', 'TRANS-E50057', '2026-04-19 10:20:55', 38000000.00, 'Paid', NULL, NULL),
(61, 67, 'paypal', 'ORDER20260419-E50058', NULL, '2026-04-19 10:20:55', 'PAYPAL-ID-E50058', 'TRANS-E50058', '2026-04-19 10:20:55', 32000000.00, 'Paid', NULL, NULL),
(62, 68, 'paypal', 'ORDER20260419-E50059', NULL, '2026-04-19 10:20:55', 'PAYPAL-ID-E50059', 'TRANS-E50059', '2026-04-19 10:20:55', 25000000.00, 'Paid', NULL, NULL),
(63, 69, 'paypal', 'ORDER20260419-E50060', NULL, '2026-04-19 10:20:55', 'PAYPAL-ID-E50060', 'TRANS-E50060', '2026-04-19 10:20:55', 20000000.00, 'Paid', NULL, NULL),
(64, 70, 'paypal', 'ORDER20260419-E50061', NULL, '2026-04-19 10:20:55', 'PAYPAL-ID-E50061', 'TRANS-E50061', '2026-04-19 10:20:55', 20000000.00, 'Paid', NULL, NULL),
(65, 71, 'paypal', 'ORDER20260419-E50062', NULL, '2026-04-19 10:20:55', 'PAYPAL-ID-E50062', 'TRANS-E50062', '2026-04-19 10:20:55', 12000000.00, 'Paid', NULL, NULL),
(66, 72, 'paypal', 'ORDER20260419-E50063', NULL, '2026-04-19 10:20:55', 'PAYPAL-ID-E50063', 'TRANS-E50063', '2026-04-19 10:20:55', 12000000.00, 'Paid', NULL, NULL),
(67, 75, 'manualqr', 'ORDER20260419-GW088O', NULL, NULL, NULL, NULL, '2026-04-19 10:40:36', 0.00, 'Pending', NULL, NULL),
(68, 76, 'manualqr', 'ORDER20260419-5NC2DU', NULL, NULL, NULL, NULL, '2026-04-19 10:40:51', -4200000.00, 'Pending', NULL, NULL),
(69, 77, 'manualqr', 'ORDER20260421-T4T0PF', NULL, NULL, NULL, NULL, '2026-04-21 10:39:26', 4200000.00, 'Pending', NULL, NULL),
(70, 78, 'paypal', 'ORDER20260421-ZYP9AW', NULL, '2026-04-21 14:01:35', '66N16730E94195108', '6G447709H30153904', '2026-04-21 14:01:34', 3500000.00, 'Paid', NULL, NULL),
(71, 79, 'paypal', 'ORDER20260421-MBJO45', NULL, '2026-04-21 14:04:56', '1D5534114B973663D', '6WL75080XK428102W', '2026-04-21 14:04:56', 3500000.00, 'Paid', NULL, NULL),
(72, 80, 'paypal', 'ORDER20260423-5P37TL', NULL, '2026-04-23 16:00:58', '9MP84970T9713912K', '55N01523M8172225Y', '2026-04-23 16:00:58', 89990000.00, 'Paid', NULL, NULL),
(73, 81, 'manualqr', 'ORDER20260424-BI3ZUM', '2026-04-25', NULL, 'MOMOORDER20260424-BI3ZUM_1777138890', NULL, '2026-04-25 17:41:30', 12000000.00, 'Pending', NULL, NULL),
(74, 82, 'paypal', 'ORDER20260424-4SX0UG', NULL, '2026-04-24 05:22:14', '5X21809742099540Y', '4NV929816P445523C', '2026-04-24 05:22:13', 5000000.00, 'Paid', NULL, NULL),
(75, 83, 'manualqr', 'ORDER20260425-4EH6NH', NULL, NULL, NULL, NULL, '2026-04-25 07:24:02', 5000000.00, 'Pending', NULL, NULL),
(76, 84, 'manualqr', 'ORDER20260425-O7F8U9', '2026-04-25', NULL, 'MOMOORDER20260425-O7F8U9_1777102670', NULL, '2026-04-25 07:37:50', 5000000.00, 'Pending', NULL, NULL),
(77, 85, 'manualqr', 'ORDER20260425-CYL5MT', NULL, NULL, NULL, NULL, '2026-04-25 18:35:36', 89990000.00, 'Pending', NULL, NULL),
(78, 86, 'manualqr', 'ORDER20260426-RAIWDM', '2026-04-26', NULL, 'MOMOORDER20260426-RAIWDM_1777187994', NULL, '2026-04-26 07:19:54', 49990000.00, 'Pending', NULL, NULL),
(79, 87, 'manualqr', 'ORDER20260426-SR48CS', '2026-04-26', NULL, 'MOMOORDER20260426-SR48CS_1777189591', NULL, '2026-04-26 07:46:31', 25000000.00, 'Pending', NULL, NULL),
(80, 88, 'manualqr', 'ORDER20260426-JM4WD7', '2026-04-26', NULL, 'MOMOORDER20260426-JM4WD7_1777189980', NULL, '2026-04-26 07:53:01', 25000000.00, 'Pending', NULL, NULL),
(81, 89, 'paypal', 'ORDER20260426-G5JH4N', NULL, '2026-04-26 08:18:12', '11E71287P01393523', '0WL20107CS2408327', '2026-04-26 08:18:11', 25000000.00, 'Paid', NULL, NULL),
(82, 90, 'paypal', 'ORDER20260426-Q0X4NK', NULL, '2026-04-26 08:19:59', '104994725D032394D', '3S708348K5687343Y', '2026-04-26 08:19:58', 40000000.00, 'Paid', NULL, NULL),
(83, 91, 'manualqr', 'ORDER20260426-5I2SQP', NULL, NULL, NULL, NULL, '2026-04-26 09:06:03', 50999000.00, 'Pending', NULL, NULL),
(84, 92, 'paypal', 'ORDER20260426-139W6U', NULL, '2026-04-26 09:43:03', '02V679526Y205261V', '04092146YG583783S', '2026-04-26 09:43:03', 50999000.00, 'Paid', NULL, NULL),
(85, 93, 'momo', 'ORDER20260426-J39AU2', '2026-04-26', '2026-04-26 10:33:34', 'MOMOORDER20260426-J39AU2_1777199530', '4732051633', '2026-04-26 10:33:34', 5000000.00, 'Paid', NULL, NULL),
(86, 94, 'manualqr', 'ORDER20260426-XU8V0C', '2026-04-26', NULL, 'MOMOORDER20260426-XU8V0C_1777198009', NULL, '2026-04-26 10:07:03', 3000000.00, 'Pending', NULL, NULL),
(87, 95, 'manualqr', 'ORDER20260426-NZIZRF', '2026-04-26', NULL, 'MOMOORDER20260426-NZIZRF_1777198758', NULL, '2026-04-26 10:19:18', 5000000.00, 'Pending', NULL, NULL),
(88, 96, 'manualqr', 'ORDER20260426-N9DD0S', '2026-04-26', NULL, 'MOMOORDER20260426-N9DD0S_1777199103', NULL, '2026-04-26 10:25:04', 5000000.00, 'Pending', NULL, NULL),
(89, 97, 'paypal', 'ODR_DEMO_97', '2026-04-26', '2026-04-26 14:06:49', 'PP_OD_89', 'PP_TX_89', '2026-04-26 14:06:49', 8400000.00, 'Paid', NULL, NULL),
(90, 98, 'paypal', 'ODR_DEMO_98', '2026-04-26', '2026-04-26 14:06:49', 'PP_OD_90', 'PP_TX_90', '2026-04-26 14:06:49', 12600000.00, 'Paid', NULL, NULL),
(91, 99, 'paypal', 'ODR_DEMO_99', '2026-04-26', NULL, 'PP_OD_91', NULL, '2026-04-26 14:06:49', 4200000.00, 'Pending', NULL, NULL),
(92, 100, 'paypal', 'ODR_DEMO_100', '2026-04-26', '2026-04-26 14:06:49', 'PP_OD_92', 'PP_TX_92', '2026-04-26 14:06:49', 13800000.00, 'Paid', NULL, NULL),
(93, 101, 'paypal', 'ODR_DEMO_101', '2026-04-26', '2026-04-26 14:06:49', 'PP_OD_93', 'PP_TX_93', '2026-04-26 14:06:49', 13800000.00, 'Paid', NULL, NULL),
(94, 102, 'paypal', 'ODR_DEMO_102', '2026-04-26', NULL, 'PP_OD_94', NULL, '2026-04-26 14:06:49', 6900000.00, 'Pending', NULL, NULL),
(95, 103, 'paypal', 'ODR_DEMO_103', '2026-04-26', '2026-04-26 14:06:49', 'PP_OD_95', 'PP_TX_95', '2026-04-26 14:06:49', 10800000.00, 'Paid', NULL, NULL),
(96, 104, 'paypal', 'ODR_DEMO_104', '2026-04-26', '2026-04-26 14:06:49', 'PP_OD_96', 'PP_TX_96', '2026-04-26 14:06:49', 7200000.00, 'Paid', NULL, NULL),
(97, 105, 'paypal', 'ODR_DEMO_105', '2026-04-26', '2026-04-26 14:06:49', 'PP_OD_97', 'PP_TX_97', '2026-04-26 14:06:49', 10000000.00, 'Paid', NULL, NULL),
(98, 106, 'paypal', 'ODR_DEMO_106', '2026-04-26', NULL, 'PP_OD_98', NULL, '2026-04-26 14:06:49', 5000000.00, 'Pending', NULL, NULL),
(99, 107, 'paypal', 'ODR_DEMO_107', '2026-04-26', '2026-04-26 14:06:49', 'PP_OD_99', 'PP_TX_99', '2026-04-26 14:06:49', 33000000.00, 'Paid', NULL, NULL),
(100, 108, 'paypal', 'ODR_DEMO_108', '2026-04-26', '2026-04-26 14:06:49', 'PP_OD_100', 'PP_TX_100', '2026-04-26 14:06:49', 16500000.00, 'Paid', NULL, NULL),
(101, 109, 'paypal', 'ODR_DEMO_109', '2026-04-26', '2026-04-26 14:06:49', 'PP_OD_101', 'PP_TX_101', '2026-04-26 14:06:49', 39600000.00, 'Paid', NULL, NULL),
(102, 110, 'paypal', 'ODR_DEMO_110', '2026-04-26', '2026-04-26 14:06:49', 'PP_OD_102', 'PP_TX_102', '2026-04-26 14:06:49', 19800000.00, 'Paid', NULL, NULL),
(103, 111, 'paypal', 'ODR_DEMO_111', '2026-04-26', '2026-04-26 14:06:49', 'PP_OD_103', 'PP_TX_103', '2026-04-26 14:06:49', 36500000.00, 'Paid', NULL, NULL),
(104, 112, 'paypal', 'ODR_DEMO_112', '2026-04-26', NULL, 'PP_OD_104', NULL, '2026-04-26 14:06:49', 36500000.00, 'Pending', NULL, NULL),
(105, 113, 'paypal', 'ODR_DEMO_113', '2026-04-26', '2026-04-26 14:06:49', 'PP_OD_105', 'PP_TX_105', '2026-04-26 14:06:49', 33800000.00, 'Paid', NULL, NULL),
(106, 114, 'paypal', 'ODR_DEMO_114', '2026-04-26', '2026-04-26 14:06:49', 'PP_OD_106', 'PP_TX_106', '2026-04-26 14:06:49', 67600000.00, 'Paid', NULL, NULL),
(107, 116, 'paypal', 'ORDER20260426-U66', NULL, '2026-04-26 21:00:00', NULL, NULL, '2026-04-26 15:34:11', 3500000.00, 'Paid', NULL, NULL),
(108, 117, 'paypal', 'ORDER20260426-U67', NULL, '2026-04-26 21:00:00', NULL, NULL, '2026-04-26 15:34:11', 3500000.00, 'Paid', NULL, NULL),
(109, 118, 'paypal', 'ORDER20260426-U68', NULL, '2026-04-26 21:00:00', NULL, NULL, '2026-04-26 15:34:11', 3500000.00, 'Paid', NULL, NULL),
(110, 119, 'paypal', 'ORDER20260426-U69', NULL, '2026-04-26 21:00:00', NULL, NULL, '2026-04-26 15:34:11', 3500000.00, 'Paid', NULL, NULL),
(111, 120, 'paypal', 'ORDER20260426-U70', NULL, '2026-04-26 21:00:00', NULL, NULL, '2026-04-26 15:34:11', 3500000.00, 'Paid', NULL, NULL),
(112, 121, 'paypal', 'ORDER20260426-U71', NULL, '2026-04-26 21:00:00', NULL, NULL, '2026-04-26 15:34:11', 3500000.00, 'Paid', NULL, NULL),
(113, 122, 'paypal', 'ORDER20260426-U72', NULL, '2026-04-26 21:00:00', NULL, NULL, '2026-04-26 15:34:11', 3500000.00, 'Paid', NULL, NULL),
(114, 123, 'paypal', 'ORDER20260426-U73', NULL, '2026-04-26 21:00:00', NULL, NULL, '2026-04-26 15:34:11', 3500000.00, 'Paid', NULL, NULL),
(115, 124, 'paypal', 'ORDER20260426-U74', NULL, '2026-04-26 21:00:00', NULL, NULL, '2026-04-26 15:34:11', 3500000.00, 'Paid', NULL, NULL),
(116, 125, 'paypal', 'ORDER20260426-U75', NULL, '2026-04-26 21:00:00', NULL, NULL, '2026-04-26 15:34:11', 3500000.00, 'Paid', NULL, NULL),
(117, 126, 'paypal', 'ORDER20260426-U76', NULL, '2026-04-26 21:00:00', NULL, NULL, '2026-04-26 15:39:48', 3500000.00, 'Paid', NULL, NULL);

-- --------------------------------------------------------

--
-- Cấu trúc bảng cho bảng `photo`
--

CREATE TABLE `photo` (
  `PhotoID` int NOT NULL,
  `TourID` int DEFAULT NULL,
  `Caption` text CHARACTER SET utf8mb4 COLLATE utf8mb4_general_ci,
  `ImageURL` varchar(255) CHARACTER SET utf8mb4 COLLATE utf8mb4_general_ci DEFAULT NULL,
  `UploadDate` date DEFAULT NULL,
  `IsPrimary` tinyint(1) DEFAULT NULL
) ENGINE=InnoDB DEFAULT CHARSET=utf8mb4 COLLATE=utf8mb4_general_ci;

--
-- Đang đổ dữ liệu cho bảng `photo`
--

INSERT INTO `photo` (`PhotoID`, `TourID`, `Caption`, `ImageURL`, `UploadDate`, `IsPrimary`) VALUES
(18, 18, 'hehe', 'https://upload.wikimedia.org/wikipedia/commons/f/f6/Bangkok_skytrain_sunset.jpg', '2025-08-29', 1),
(19, 18, 'Tour Bangkok – Pattaya', 'https://upload.wikimedia.org/wikipedia/commons/1/1c/Pattaya_from_Big_Buddha.jpg', '2025-08-29', 0),
(20, 18, 'Tour Bangkok – Pattaya', 'https://upload.wikimedia.org/wikipedia/commons/a/a0/Pattaya_coastline.jpg', '2025-08-29', 0),
(21, 18, 'Tour Bangkok – Pattaya', 'https://upload.wikimedia.org/wikipedia/commons/e/ec/Pattaya_beach_from_view_point.jpg', '2025-08-29', 0),
(22, 19, 'a1', 'https://upload.wikimedia.org/wikipedia/commons/0/03/Singapore_%28SG%29%2C_View_from_Marina_Bay_Sands%2C_Singapore_Flyer_--_2019_--_4720.jpg', '2025-08-29', 1),
(23, 19, 'a2', 'https://upload.wikimedia.org/wikipedia/commons/0/04/Kuala-Lumpur_Malaysia_Planetarium_Negara-02.jpg', '2025-08-29', 0),
(24, 19, 'Tour Singapore – Kuala Lumpur', 'https://upload.wikimedia.org/wikipedia/commons/5/5c/Singapore_%28SG%29%2C_Marina_Bay_--_2019_--_4735-9.jpg', '2025-08-29', 0),
(25, 19, 'Tour Singapore – Kuala Lumpur', 'https://upload.wikimedia.org/wikipedia/commons/8/87/Kuala_Lumpur_Malaysia_Federal-Territory-Mosque-03.jpg', '2025-08-29', 0),
(26, 20, 'a3', 'https://upload.wikimedia.org/wikipedia/commons/3/36/Lake_Kawaguchiko_Sakura_Mount_Fuji_4.JPG', '2025-08-29', 1),
(27, 20, 'Tokyo – Núi Phú Sĩ', 'https://upload.wikimedia.org/wikipedia/commons/3/35/Minato_City%2C_Tokyo%2C_Japan.jpg', '2025-08-29', 0),
(28, 20, 'Tokyo – Núi Phú Sĩ', 'https://upload.wikimedia.org/wikipedia/commons/d/d2/070203_MM21%26FUJI.jpg', '2025-08-29', 0),
(29, 20, 'Tokyo – Núi Phú Sĩ', 'https://upload.wikimedia.org/wikipedia/commons/c/c5/Tokyo_Shibuya_Scramble_Crossing_2018-10-09.jpg', '2025-08-29', 0),
(30, 21, 'Seoul – Nami – Everland', 'https://upload.wikimedia.org/wikipedia/commons/3/3f/Everland_Magic_tree.jpg', '2025-08-29', 1),
(31, 21, 'Seoul – Nami – Everland', 'https://upload.wikimedia.org/wikipedia/commons/5/53/13-08-08-hongkong-sky100-05.jpg', '2025-08-29', 0),
(32, 21, 'Seoul – Nami – Everland', 'https://upload.wikimedia.org/wikipedia/commons/b/b7/Korea-Yongin-Everland-04.jpg', '2025-08-29', 0),
(33, 21, 'Seoul – Nami – Everland', 'https://upload.wikimedia.org/wikipedia/commons/0/0b/View_of_Nami_Island.JPG', '2025-08-29', 0),
(34, 22, 'A2', 'https://upload.wikimedia.org/wikipedia/commons/c/cc/Kaohsiung_Taiwan_Kaohsiung-Confucius-Temple-01.jpg', '2025-08-29', 1),
(36, 22, 'Hong Kong – Ma Cao', 'https://upload.wikimedia.org/wikipedia/commons/a/aa/Kaohsiung_Music_Center_and_Lingyaliao_Railroad_Bridge_lit_with_Ukrainian_flag_colors_during_2022_Taiwan_Lantern_Festival_%28cropped%29.jpg', '2025-08-29', 0),
(37, 22, 'Hong Kong – Ma Cao', 'https://upload.wikimedia.org/wikipedia/commons/7/7c/Kaohsiung_Skyline_2020.jpg', '2025-08-29', 0),
(38, 22, 'Hong Kong – Ma Cao', 'https://upload.wikimedia.org/wikipedia/commons/3/36/Kaohsiung_Taiwan_Floating-dock-Jong-Shyn-01.jpg', '2025-08-29', 0),
(39, 23, 'Đài Bắc – Cao Hùng', 'https://upload.wikimedia.org/wikipedia/commons/5/53/13-08-08-hongkong-sky100-05.jpg', '2025-08-29', 1),
(40, 23, 'Đài Bắc – Cao Hùng', 'https://upload.wikimedia.org/wikipedia/commons/3/36/Kaohsiung_Taiwan_Floating-dock-Jong-Shyn-01.jpg', '2025-08-29', 0),
(41, 23, 'Đài Bắc – Cao Hùng', 'https://upload.wikimedia.org/wikipedia/commons/c/c9/Macao_Casino.jpg', '2025-08-29', 0),
(42, 23, 'Đài Bắc – Cao Hùng', 'https://upload.wikimedia.org/wikipedia/commons/c/cc/Kaohsiung_Taiwan_Kaohsiung-Confucius-Temple-01.jpg', '2025-08-29', 0),
(58, 29, 'hihi', 'https://upload.wikimedia.org/wikipedia/commons/f/f1/Chateau_Versailles_Galerie_des_Glaces.jpg', '2025-08-29', 1),
(59, 29, 'Paris – Versailles', 'https://upload.wikimedia.org/wikipedia/commons/e/e6/Paris_Night.jpg', '2025-08-30', 0),
(60, 29, 'Paris – Versailles', 'https://upload.wikimedia.org/wikipedia/commons/7/76/Palace_of_Versailles_June_2010.jpg', '2025-08-30', 0),
(61, 30, 'hehe', 'https://upload.wikimedia.org/wikipedia/commons/2/2d/Halong_Bay_in_Vietnam.jpg', '2025-08-29', 1),
(64, 31, 'huhu', 'https://upload.wikimedia.org/wikipedia/commons/f/f8/Thacbac3.jpg', '2025-08-29', 1),
(92, 40, 'lolo', 'https://upload.wikimedia.org/wikipedia/commons/thumb/a/a5/Trang_An%2C_Ninh_Binh.jpg/960px-Trang_An%2C_Ninh_Binh.jpg?20241012165724', '2025-08-29', 1),
(99, 42, 'khohoh', 'https://upload.wikimedia.org/wikipedia/commons/c/cd/Sydneyoperahouse_at_night.jpg', '2025-08-29', 1),
(100, 42, 'Sydney – Blue Mountains', 'https://upload.wikimedia.org/wikipedia/commons/c/cc/Blue_Mountains%2C_Sydney%2C_Australia.png', '2025-08-29', 0),
(101, 42, 'Sydney – Blue Mountains', 'https://upload.wikimedia.org/wikipedia/commons/7/72/Jamison_Valley%2C_Blue_Mountains%2C_Australia_-_Nov_2008.jpg', '2025-08-29', 0),
(102, 43, 'Dubai – Abu Dhabi', 'https://upload.wikimedia.org/wikipedia/commons/0/0b/Old_Cultural_Dubai_Area.jpg', '2025-08-29', 1),
(103, 43, 'Dubai – Abu Dhabi', 'https://upload.wikimedia.org/wikipedia/commons/1/15/13-08-06-abu-dhabi-by-RalfR-088.jpg', '2025-08-29', 0),
(104, 43, 'Dubai – Abu Dhabi', 'https://upload.wikimedia.org/wikipedia/commons/0/06/Meeru_Island_Resort_and_Spa%2C_Maldives_%28Unsplash%29.jpg', '2025-08-29', 0),
(105, 44, 'Du lịch sông nước mát mẻ giá cả phù hợp', 'https://www.sgtiepthi.vn/wp-content/uploads/2020/10/A%CC%89nh-1-Du-li%CC%A3ch-Da%CC%A3i-Vie%CC%A3%CC%82t-e1602339539191.jpg', '2025-08-29', 1),
(106, 44, 'Du lịch sông nước mát mẻ giá cả phù hợp', 'https://www.sgtiepthi.vn/wp-content/uploads/2020/10/A%CC%89nh-1-Du-li%CC%A3ch-Da%CC%A3i-Vie%CC%A3%CC%82t-e1602339539191.jpg', '2025-08-29', 0),
(109, 45, 'Chợ Bến Thành ', '/uploads/20260421224544379109.jpg', '2026-04-21', 1),
(110, 46, 'hà tiên', '/uploads/20260421224624861790.jpg', '2026-04-21', 1),
(111, 47, 'Làng hoa buổi chiều', '/uploads/20260421224848504789.jpg', '2026-04-21', 1),
(112, 47, 'Nông dân chăm sóc hoa', '/uploads/20260421224848555747.jpg', '2026-04-21', 0),
(113, 48, 'Khu di tích đền Hùng', '/uploads/20260421225155844265.jpg', '2026-04-21', 1),
(114, 48, 'Khu di tích đền Hùng', '/uploads/20260421225155875352.jpg', '2026-04-21', 0),
(115, 49, 'Cụm di tích Làng Sen', '/uploads/20260421225605752951.jpg', '2026-04-21', 1),
(116, 49, 'Cụm di tích Làng Sen', '/uploads/20260421225605807073.jpg', '2026-04-21', 0),
(117, 50, 'thác nước', '/uploads/20260421225934126184.jpg', '2026-04-21', 0),
(118, 50, 'Thác Thủy Tiên', '/uploads/20260421225934152678.jpg', '2026-04-21', 1),
(119, 51, 'Thác Mây nằm', '/uploads/20260421230807296011.jpg', '2026-04-21', 1),
(120, 52, 'Thác Voi', '/uploads/20260421231040659773.jpg', '2026-04-21', 1),
(121, 52, 'Thác Voi', '/uploads/20260421231040688262.jpg', '2026-04-21', 0),
(122, 53, 'Quần đảo Cát Bà', '/uploads/20260421231458739787.jpg', '2026-04-21', 1),
(123, 53, 'Quần đảo Cát Bà', '/uploads/20260421231458767507.jpeg', '2026-04-21', 0),
(124, 54, 'Vườn Quốc gia Cúc Phương', '/uploads/20260421231654639865.jpg', '2026-04-21', 1),
(125, 55, 'Tháp Pô Klông Garai', '/uploads/20260421231854084630.jpg', '2026-04-21', 1),
(126, 55, 'Tháp Pô Klông Garai', '/uploads/20260421231854115698.jpg', '2026-04-21', 0),
(127, 56, 'Đồi cát bay Mũi Né', '/uploads/20260421232053647131.jpg', '2026-04-21', 1),
(128, 57, 'Sông Gianh', '/uploads/20260421232523487491.jpeg', '2026-04-21', 1),
(129, 57, 'Sông Gianh', '/uploads/20260421232523526143.jpg', '2026-04-21', 0),
(130, 57, 'Sông Gianh', '/uploads/20260421232523599781.jpg', '2026-04-21', 0),
(131, 57, 'Sông Gianh', '/uploads/20260421232523625767.jpg', '2026-04-21', 0),
(132, 58, 'Bãi tắm Long Hải', '/uploads/20260422084128048681.jpg', '2026-04-22', 1),
(133, 59, 'Hà Nội', '/uploads/20260422084559166798.jpg', '2026-04-22', 1),
(134, 59, 'Hà Nội', '/uploads/20260422084559217963.jpg', '2026-04-22', 0),
(135, 59, 'Hà Nội', '/uploads/20260422084559259926.jpg', '2026-04-22', 0),
(136, 60, 'Cánh Đồng Hoa Hướng Dương', '/uploads/20260422085100203404.jpg', '2026-04-22', 1),
(137, 60, 'Cánh Đồng Hoa Hướng Dương', '/uploads/20260422085100236287.jpg', '2026-04-22', 0),
(138, 60, 'Cánh Đồng Hoa Hướng Dương', '/uploads/20260422085100256341.jpg', '2026-04-22', 0),
(139, 61, 'Bãi biển Sa Huỳnh', '/uploads/20260422085530572208.jpg', '2026-04-22', 1),
(140, 62, 'Liên Tuyến Ba Quốc Gia: Malaysia - Indonesia - Singapore', '/uploads/20260422094138528161.webp', '2026-04-22', 1),
(141, 62, 'Liên Tuyến Ba Quốc Gia: Malaysia - Indonesia - Singapore', '/uploads/20260422094138570958.webp', '2026-04-22', 0),
(142, 62, 'Liên Tuyến Ba Quốc Gia: Malaysia - Indonesia - Singapore', '/uploads/20260422094138607693.webp', '2026-04-22', 0),
(143, 63, 'Hồng Kông Tặng trải nghiệm xe Ding Ding', '/uploads/20260422110257268895.webp', '2026-04-22', 1),
(144, 63, 'Hồng Kông Tặng trải nghiệm xe Ding Ding', '/uploads/20260422110257306070.webp', '2026-04-22', 0),
(145, 64, 'BALI - TIRTA GANGA - TAMPAK SIRING - UBUD', '/uploads/20260422110542822512.webp', '2026-04-22', 1),
(146, 65, 'Bắc Kinh - Vạn Lý Trường Thành - Hàng Châu - Thượng Hải - Ô Trấn', '/uploads/20260422110803304836.webp', '2026-04-22', 1),
(147, 65, 'Bắc Kinh - Vạn Lý Trường Thành - Hàng Châu - Thượng Hải - Ô Trấn', '/uploads/20260422110803341596.webp', '2026-04-22', 0),
(148, 66, 'Hòa Mình Vào Thiên Đường Nghỉ Dưỡng', '/uploads/20260422120014033537.webp', '2026-04-22', 1),
(149, 67, 'Thưởng thức Colloseum Show', '/uploads/20260422120552959727.webp', '2026-04-22', 1),
(150, 67, 'Thưởng thức Colloseum Show', '/uploads/20260422120552998732.webp', '2026-04-22', 0),
(151, 68, 'Garden By The Bay - Botanic Garden', '/uploads/20260422120803074566.webp', '2026-04-22', 0),
(152, 68, 'Garden By The Bay - Botanic Garden', '/uploads/20260422120803118900.webp', '2026-04-22', 1),
(153, 69, 'Đầm Cao Mỹ - Đài Trung - Đài Bắc - Thác nước Thập Phần - Phố cổ Đại Đạo Thành', '/uploads/20260422121005029298.webp', '2026-04-22', 1),
(154, 69, 'Đầm Cao Mỹ - Đài Trung - Đài Bắc - Thác nước Thập Phần - Phố cổ Đại Đạo Thành', '/uploads/20260422121005073099.webp', '2026-04-22', 0),
(155, 70, ' Siem Reap - Phnom Penh', '/uploads/20260422121147670474.webp', '2026-04-22', 1),
(156, 70, ' Siem Reap - Phnom Penh', '/uploads/20260422121147710518.webp', '2026-04-22', 0),
(157, 71, 'Anh Quốc - Scotland', '/uploads/20260422121639049911.jpg', '2026-04-22', 1),
(158, 71, 'Anh Quốc - Scotland', '/uploads/20260422121639087479.jpg', '2026-04-22', 0);

-- --------------------------------------------------------

--
-- Cấu trúc bảng cho bảng `role`
--

CREATE TABLE `role` (
  `RoleID` int NOT NULL,
  `RoleName` varchar(50) CHARACTER SET utf8mb4 COLLATE utf8mb4_general_ci NOT NULL
) ENGINE=InnoDB DEFAULT CHARSET=utf8mb4 COLLATE=utf8mb4_general_ci;

--
-- Đang đổ dữ liệu cho bảng `role`
--

INSERT INTO `role` (`RoleID`, `RoleName`) VALUES
(1, 'Admin'),
(3, 'User');

-- --------------------------------------------------------

--
-- Cấu trúc bảng cho bảng `support_message`
--

CREATE TABLE `support_message` (
  `id` int NOT NULL,
  `thread_id` int NOT NULL,
  `sender_id` int DEFAULT NULL,
  `is_admin` tinyint(1) NOT NULL DEFAULT '0',
  `content` text CHARACTER SET utf8mb4 COLLATE utf8mb4_general_ci NOT NULL,
  `created_at` datetime DEFAULT CURRENT_TIMESTAMP
) ENGINE=InnoDB DEFAULT CHARSET=utf8mb4 COLLATE=utf8mb4_general_ci;

--
-- Đang đổ dữ liệu cho bảng `support_message`
--

INSERT INTO `support_message` (`id`, `thread_id`, `sender_id`, `is_admin`, `content`, `created_at`) VALUES
(1, 3, 5, 0, 'hi', '2025-08-26 15:27:28'),
(2, 3, 5, 0, 'hello', '2025-08-26 15:32:37'),
(3, 4, 8, 0, 'Xin chào', '2025-08-26 15:36:50'),
(4, 4, 8, 0, 'Xin chào admin', '2025-08-26 16:29:45'),
(5, 4, 6, 1, 'chào bạn', '2025-08-26 16:30:08'),
(6, 4, 8, 0, 'Bạn tên gì', '2025-08-26 16:30:47'),
(7, 4, 6, 1, 'Admin2', '2025-08-26 16:31:03'),
(8, 4, 8, 0, 'Tour nào rẻ nhất', '2025-08-26 16:31:16'),
(9, 4, 6, 1, 'Đà Lạt bạn nhé', '2025-08-26 16:31:30'),
(10, 4, 6, 1, 'Bạn muốn hỏi gì nữa không', '2025-08-26 16:38:58'),
(11, 4, 8, 0, 'không cảm ơn bạn', '2025-08-26 16:39:18'),
(12, 4, 8, 0, 'hello hello', '2025-08-26 16:48:47'),
(13, 4, 6, 1, 'Bạn cần giúp gì', '2025-08-26 16:49:08'),
(14, 4, 8, 0, 'Tour nào rẻ nhất', '2025-08-26 16:49:21'),
(15, 4, 6, 1, 'Hà Giang', '2025-08-26 16:49:48'),
(16, 4, 8, 0, 'ohhhhh', '2025-08-26 16:49:55'),
(17, 4, 8, 0, 'hi', '2025-08-26 16:51:02'),
(18, 4, 8, 0, 'hi', '2025-08-26 16:51:05'),
(19, 4, 8, 0, 'hu', '2025-08-26 16:51:06'),
(20, 4, 8, 0, 'hu', '2025-08-26 16:51:06'),
(21, 4, 8, 0, 'hu', '2025-08-26 16:51:07'),
(22, 4, 8, 0, 'hu', '2025-08-26 16:51:08'),
(23, 4, 8, 0, 'hu', '2025-08-26 16:51:08'),
(24, 4, 8, 0, 'hello', '2025-08-26 16:51:49'),
(25, 4, 6, 1, 'hi', '2025-08-26 16:52:00'),
(26, 4, 6, 1, 'Xin chào', '2025-08-26 16:52:09'),
(27, 3, 5, 0, 'Xin chào', '2025-08-26 16:54:54'),
(28, 3, 5, 0, 'Hello', '2025-08-26 16:55:11'),
(29, 3, 6, 1, 'Bạn cần giúp gì', '2025-08-26 16:55:19'),
(30, 4, 6, 1, 'Xin chào', '2025-08-26 17:07:19'),
(31, 4, 8, 0, 'hello', '2025-08-26 17:07:25'),
(32, 4, 6, 1, 'hello', '2025-08-26 17:07:57'),
(33, 4, 8, 0, 'có việc gì', '2025-08-26 17:13:42'),
(34, 4, 6, 1, 'Aloo', '2025-08-26 17:13:52'),
(35, 4, 6, 1, 'hi', '2025-08-26 17:16:47'),
(36, 4, 6, 1, 'hi1', '2025-08-26 17:17:34'),
(37, 4, 8, 0, 'hllo', '2025-08-26 17:17:39'),
(38, 4, 8, 0, 'alo', '2025-08-26 17:28:35'),
(39, 4, 6, 1, 'hả', '2025-08-26 17:28:40'),
(40, 4, 8, 0, 'hú', '2025-08-26 17:28:44'),
(41, 4, 8, 0, 'hi', '2025-08-26 17:29:37'),
(42, 4, 8, 0, 'Hello', '2025-08-26 17:34:03'),
(43, 4, 6, 1, 'Xin chào', '2025-08-26 17:34:12'),
(44, 4, 6, 1, 'hi', '2025-08-26 17:35:38'),
(45, 4, 6, 1, 'hi', '2025-08-26 17:40:30'),
(46, 4, 6, 1, 'Hello', '2025-08-26 17:42:34'),
(47, 4, 6, 1, 'Hello', '2025-08-26 17:42:57'),
(48, 4, 6, 1, 'Xin chào', '2025-08-26 17:43:10'),
(49, 4, 6, 1, 'chào chào', '2025-08-26 17:43:17'),
(50, 4, 6, 1, 'xin chào', '2025-08-26 17:43:59'),
(51, 4, 6, 1, 'hi', '2025-08-26 17:56:20'),
(52, 4, 6, 1, 'xin chào', '2025-08-26 17:56:31'),
(53, 4, 6, 1, 'xin chào', '2025-08-26 17:58:57'),
(54, 4, 6, 1, 'lại nữa', '2025-08-26 17:59:34'),
(55, 4, 6, 1, 'chào nhé', '2025-08-26 18:03:28'),
(56, 4, 8, 0, 'chào', '2025-08-26 18:03:40'),
(57, 4, 6, 1, 'Hello', '2025-08-26 18:03:52'),
(58, 4, 6, 1, 'Chào', '2025-08-26 18:04:18'),
(59, 4, 8, 0, 'Chào', '2025-08-26 18:04:22'),
(60, 4, 6, 1, 'chào', '2025-08-26 18:15:33'),
(61, 4, 8, 0, 'chào', '2025-08-26 18:15:38'),
(62, 4, 6, 1, 'How are you ?', '2025-08-26 18:17:33'),
(63, 4, 8, 0, 'Xin chào', '2025-08-26 18:25:19'),
(64, 4, 6, 1, 'Chào nhé', '2025-08-26 18:25:27'),
(65, 4, 6, 1, 'Bạn cần giúp gì', '2025-08-26 18:25:53'),
(66, 4, 8, 0, 'Giúp chọn tour', '2025-08-26 18:26:04'),
(67, 4, 8, 0, 'ALo', '2025-08-26 18:28:26'),
(68, 4, 6, 1, 'Alo', '2025-08-26 18:28:30'),
(69, 4, 8, 0, 'Lo', '2025-08-26 18:28:33'),
(70, 4, 6, 1, 'Xin chào', '2025-08-26 18:58:06'),
(71, 4, 6, 1, 'Chào nhé', '2025-08-26 19:00:36'),
(72, 4, 8, 0, 'chào', '2025-08-26 19:00:57'),
(73, 4, 6, 1, 'Chào chào', '2025-08-26 19:01:02'),
(74, 4, 8, 0, 'Xin chào', '2025-08-26 19:01:07'),
(75, 4, 8, 0, 'Thanh Lich', '2025-08-26 19:03:04'),
(76, 4, 6, 1, 'Thanh Thien', '2025-08-26 19:14:55'),
(77, 4, 8, 0, 'Thien Thanh', '2025-08-26 19:15:02'),
(78, 4, 8, 0, 'xin chào', '2025-08-26 19:18:07'),
(79, 4, 6, 1, 'Chào', '2025-08-26 19:18:11'),
(80, 4, 8, 0, 'Hí hí', '2025-08-26 19:18:15'),
(81, 3, 5, 0, 'Thanh Thien', '2025-08-26 19:19:40'),
(82, 3, 6, 1, 'Thien Thanh', '2025-08-26 19:19:55'),
(83, 3, 5, 0, 'Thanh Thien', '2025-08-26 19:21:49'),
(84, 3, 6, 1, 'Thanh Lich', '2025-08-26 19:34:55'),
(85, 3, 5, 0, 'Chào', '2025-08-26 19:35:17'),
(86, 3, 6, 1, 'hgi', '2025-08-26 19:35:21'),
(87, 3, 5, 0, 'Alo', '2025-08-26 19:35:25'),
(88, 3, 6, 1, 'hả', '2025-08-26 19:35:59'),
(89, 3, 5, 0, 'Xin chào', '2025-08-26 19:36:03'),
(90, 3, 6, 1, 'xin chào', '2025-08-26 19:36:37'),
(91, 3, 5, 0, 'chào', '2025-08-26 19:36:42'),
(92, 1, 7, 0, 'Hi', '2025-08-27 10:01:40'),
(93, 1, 6, 1, 'Hello', '2025-08-27 10:02:19'),
(94, 1, 7, 0, 'Xin chao', '2025-08-27 10:02:28'),
(95, 1, 6, 1, 'heelo', '2025-08-27 10:02:45'),
(96, 1, 7, 0, 'hi', '2025-08-27 10:02:55'),
(97, 6, 6, 1, 'hi', '2025-08-27 10:03:20'),
(98, 6, 6, 1, 'Hello', '2025-08-27 10:03:26'),
(99, 6, 6, 1, 'Hi', '2025-08-27 10:09:40'),
(100, 6, 6, 1, 'Hi', '2025-08-27 10:09:46'),
(101, 1, 7, 0, 'Xin chào', '2025-08-27 10:10:21'),
(102, 1, 6, 1, 'Tôi có thể giúp gì cho bạn', '2025-08-27 10:10:33'),
(103, 1, 7, 0, 'Tìm tour rẻ nhất', '2025-08-27 10:10:47'),
(104, 1, 7, 0, 'Chào', '2025-08-27 10:11:17'),
(105, 1, 6, 1, 'hello', '2025-08-27 10:12:28'),
(106, 1, 7, 0, 'chào', '2025-08-27 10:15:19'),
(107, 1, 6, 1, 'Chào', '2025-08-27 10:17:03'),
(108, 1, 7, 0, 'Chào', '2025-08-27 10:17:09'),
(109, 1, 7, 0, 'Xin chào', '2025-08-27 10:26:14'),
(110, 1, 6, 1, 'Hello', '2025-08-27 10:26:24'),
(111, 1, 7, 0, 'hi', '2025-08-27 10:27:10'),
(112, 1, 6, 1, 'Hi', '2025-08-27 10:27:13'),
(113, 4, 8, 0, 'Hi1', '2025-08-27 10:32:35'),
(114, 4, 6, 1, 'Xin chào', '2025-08-27 10:32:45'),
(115, 4, 8, 0, 'Xin chào', '2025-08-27 10:32:53'),
(116, 4, 6, 1, 'Xin chào', '2025-08-27 10:33:27'),
(117, 4, 6, 1, 'Halo', '2025-08-27 10:38:13'),
(118, 4, 8, 0, 'Chào', '2025-08-27 10:38:18'),
(119, 4, 8, 0, 'Xin chào', '2025-08-27 10:40:14'),
(120, 4, 6, 1, 'Chào', '2025-08-27 10:40:30'),
(121, 4, 6, 1, 'Chào', '2025-08-27 10:40:58'),
(122, 4, 6, 1, 'Chào', '2025-08-27 10:41:01'),
(123, 4, 6, 1, 'Chào', '2025-08-27 10:41:03'),
(124, 4, 6, 1, 'Chào', '2025-08-27 10:41:05'),
(125, 4, 6, 1, 'chào', '2025-08-27 10:41:17'),
(126, 4, 6, 1, 'Hello', '2025-08-27 10:41:49'),
(127, 4, 8, 0, 'Chào', '2025-08-27 10:42:00'),
(128, 4, 6, 1, 'chào', '2025-08-27 10:43:35'),
(129, 4, 8, 0, 'chào', '2025-08-27 10:43:52'),
(130, 4, 6, 1, 'chào nhé', '2025-08-27 10:43:58'),
(131, 4, 6, 1, 'Xin chào', '2025-08-27 10:44:43'),
(132, 4, 8, 0, 'Chào', '2025-08-27 10:45:15'),
(133, 4, 6, 1, 'chào nhé', '2025-08-27 10:59:46'),
(134, 4, 6, 1, 'Chài', '2025-08-27 11:00:31'),
(135, 4, 8, 0, 'hi', '2025-08-27 11:00:34'),
(136, 4, 6, 1, 'Hello', '2025-08-27 11:10:49'),
(137, 4, 8, 0, 'Xin chào', '2025-08-27 11:11:54'),
(138, 4, 8, 0, 'Chào nhé', '2025-08-27 11:12:11'),
(139, 4, 6, 1, 'xin chào', '2025-08-27 11:24:28'),
(140, 4, 8, 0, 'Xin chào', '2025-08-27 11:24:35'),
(141, 4, 6, 1, 'Hi', '2025-08-27 11:25:44'),
(142, 4, 8, 0, 'hi', '2025-08-27 11:25:51'),
(143, 4, 8, 0, '1', '2025-08-27 11:45:37'),
(144, 4, 6, 1, '2', '2025-08-27 11:45:55'),
(145, 4, 8, 0, '3', '2025-08-27 11:46:01'),
(146, 4, 6, 1, '4', '2025-08-27 11:46:38'),
(147, 4, 8, 0, '5', '2025-08-27 11:46:43'),
(148, 4, 6, 1, '6', '2025-08-27 11:46:50'),
(149, 4, 6, 1, '7', '2025-08-27 12:02:54'),
(150, 4, 8, 0, '8', '2025-08-27 12:02:58'),
(151, 4, 6, 1, '9', '2025-08-27 12:09:23'),
(152, 4, 8, 0, '10', '2025-08-27 12:09:27'),
(153, 4, 6, 1, '11', '2025-08-27 12:13:07'),
(154, 4, 8, 0, '12', '2025-08-27 12:13:35'),
(155, 4, 8, 0, '123', '2025-08-27 12:13:55'),
(156, 4, 8, 0, '14', '2025-08-27 12:14:13'),
(157, 4, 6, 1, '15', '2025-08-27 12:14:15'),
(158, 4, 8, 0, '16', '2025-08-27 12:15:01'),
(159, 4, 6, 1, '17', '2025-08-27 12:15:04'),
(160, 4, 8, 0, '18', '2025-08-27 12:23:03'),
(161, 4, 6, 1, '19', '2025-08-27 12:23:12'),
(162, 4, 8, 0, '20', '2025-08-27 12:23:18'),
(163, 4, 6, 1, '21', '2025-08-27 12:23:25'),
(164, 4, 8, 0, '22', '2025-08-27 12:24:32'),
(165, 4, 6, 1, '23', '2025-08-27 12:24:51'),
(166, 4, 8, 0, '24', '2025-08-27 12:25:13'),
(167, 4, 6, 1, '25', '2025-08-27 12:25:16'),
(168, 4, 6, 1, '26', '2025-08-27 12:25:22'),
(169, 4, 6, 1, '27', '2025-08-27 12:25:24'),
(170, 4, 8, 0, '29', '2025-08-27 12:25:27'),
(171, 4, 6, 1, '30', '2025-08-27 12:29:46'),
(172, 4, 8, 0, '31', '2025-08-27 12:30:24'),
(173, 4, 6, 1, '32', '2025-08-27 12:30:31'),
(174, 4, 8, 0, '33', '2025-08-27 12:30:43'),
(175, 4, 6, 1, '34', '2025-08-27 12:33:24'),
(176, 4, 8, 0, '35', '2025-08-27 12:33:28'),
(177, 4, 6, 1, '36', '2025-08-27 12:34:13'),
(178, 4, 8, 0, '37', '2025-08-27 12:35:36'),
(179, 4, 6, 1, '38', '2025-08-27 12:35:54'),
(180, 4, 8, 0, '39', '2025-08-27 12:35:58'),
(181, 4, 6, 1, '40', '2025-08-27 12:37:37'),
(182, 4, 8, 0, '41', '2025-08-27 12:37:47'),
(183, 4, 6, 1, '42', '2025-08-27 12:37:51'),
(184, 4, 8, 0, '43', '2025-08-27 12:40:57'),
(185, 4, 6, 1, '44', '2025-08-27 12:41:36'),
(186, 4, 8, 0, '45', '2025-08-27 12:41:50'),
(187, 4, 6, 1, '46', '2025-08-27 12:42:00'),
(188, 4, 8, 0, '47', '2025-08-27 12:42:16'),
(189, 4, 6, 1, '48', '2025-08-27 12:42:19'),
(190, 4, 8, 0, '49', '2025-08-27 12:42:23'),
(191, 4, 6, 1, '49', '2025-08-27 12:42:43'),
(192, 4, 8, 0, '50', '2025-08-27 12:42:46'),
(193, 4, 8, 0, '54', '2025-08-27 12:42:59'),
(194, 4, 6, 1, '55', '2025-08-27 12:43:02'),
(195, 4, 8, 0, '56', '2025-08-27 12:43:06'),
(196, 4, 6, 1, '57', '2025-08-27 12:43:09'),
(197, 4, 8, 0, '58', '2025-08-27 12:44:47'),
(198, 4, 6, 1, '59', '2025-08-27 12:44:52'),
(199, 4, 8, 0, '60', '2025-08-27 12:45:01'),
(200, 4, 6, 1, '61', '2025-08-27 12:45:12'),
(201, 4, 8, 0, '62', '2025-08-27 12:45:26'),
(202, 4, 6, 1, '62', '2025-08-27 12:45:49'),
(203, 4, 8, 0, '63', '2025-08-27 12:50:55'),
(204, 4, 6, 1, '64', '2025-08-27 12:51:05'),
(205, 4, 8, 0, '65', '2025-08-27 12:51:12'),
(206, 4, 6, 1, '66', '2025-08-27 12:51:45'),
(207, 4, 8, 0, '67', '2025-08-27 12:51:49'),
(208, 4, 8, 0, 'hi', '2025-08-27 12:56:02'),
(209, 4, 6, 1, '37', '2025-08-27 12:56:07'),
(210, 4, 8, 0, '38', '2025-08-27 12:56:10'),
(211, 4, 6, 1, '39', '2025-08-27 12:57:13'),
(212, 4, 8, 0, '40', '2025-08-27 12:57:18'),
(213, 4, 6, 1, '41', '2025-08-27 12:57:23'),
(214, 4, 6, 1, '42', '2025-08-27 12:57:27'),
(215, 4, 6, 1, '42', '2025-08-27 12:57:28'),
(216, 4, 6, 1, '44', '2025-08-27 12:57:29'),
(217, 4, 6, 1, '45', '2025-08-27 12:57:32'),
(218, 4, 6, 1, '46', '2025-08-27 12:58:03'),
(219, 4, 6, 1, '47', '2025-08-27 12:58:06'),
(220, 4, 6, 1, '49', '2025-08-27 13:00:37'),
(221, 4, 8, 0, '50', '2025-08-27 13:00:42'),
(222, 4, 6, 1, '51', '2025-08-27 13:01:10'),
(223, 4, 8, 0, '52', '2025-08-27 13:01:35'),
(224, 4, 6, 1, '53', '2025-08-27 13:01:38'),
(225, 4, 8, 0, '54', '2025-08-27 13:03:05'),
(226, 4, 6, 1, '55', '2025-08-27 13:09:13'),
(227, 4, 6, 1, '56', '2025-08-27 13:09:18'),
(228, 4, 8, 0, '57', '2025-08-27 13:09:22'),
(229, 4, 6, 1, '59', '2025-08-27 13:09:43'),
(230, 4, 6, 1, '60', '2025-08-27 13:09:46'),
(231, 4, 8, 0, '61', '2025-08-27 13:09:49'),
(232, 4, 8, 0, '62', '2025-08-27 13:11:13'),
(233, 4, 6, 1, '63', '2025-08-27 13:12:27'),
(234, 4, 8, 0, '64', '2025-08-27 13:13:41'),
(235, 4, 6, 1, '65', '2025-08-27 13:18:45'),
(236, 4, 8, 0, '66', '2025-08-27 13:18:48'),
(237, 4, 6, 1, '67', '2025-08-27 13:23:13'),
(238, 4, 8, 0, '68', '2025-08-27 13:25:14'),
(239, 4, 6, 1, '70', '2025-08-27 13:25:19'),
(240, 4, 6, 1, '71', '2025-08-27 13:25:22'),
(241, 4, 6, 1, '72', '2025-08-27 13:25:23'),
(242, 4, 6, 1, '73', '2025-08-27 13:25:25'),
(243, 4, 8, 0, '74', '2025-08-27 13:25:30'),
(244, 4, 8, 0, '68', '2025-08-27 13:29:23'),
(245, 4, 6, 1, '69', '2025-08-27 13:29:29'),
(246, 4, 6, 1, '68', '2025-08-27 13:31:07'),
(247, 4, 6, 1, '69', '2025-08-27 13:31:10'),
(248, 4, 6, 1, '69', '2025-08-27 13:33:28'),
(249, 4, 6, 1, '69', '2025-08-27 13:33:31'),
(250, 4, 8, 0, 'hi', '2025-08-27 13:38:20'),
(251, 4, 6, 1, 'Hi', '2025-08-27 13:38:27'),
(252, 4, 8, 0, 'Hi', '2025-08-27 13:39:25'),
(253, 4, 8, 0, '68', '2025-08-27 13:40:04'),
(254, 4, 6, 1, '69', '2025-08-27 13:40:15'),
(255, 4, 6, 1, '70', '2025-08-27 13:40:17'),
(256, 4, 6, 1, '71', '2025-08-27 13:40:20'),
(257, 4, 8, 0, '82', '2025-08-27 13:40:23'),
(258, 4, 8, 0, '68', '2025-08-27 13:41:49'),
(259, 4, 8, 0, '68', '2025-08-27 13:43:59'),
(260, 4, 6, 1, '69', '2025-08-27 13:44:03'),
(261, 4, 6, 1, '68', '2025-08-27 13:54:08'),
(262, 4, 6, 1, '69', '2025-08-27 13:54:11'),
(263, 4, 8, 0, '70', '2025-08-27 13:54:14'),
(264, 4, 8, 0, '71', '2025-08-27 13:54:16'),
(265, 4, 6, 1, '72', '2025-08-27 13:54:23'),
(266, 4, 6, 1, '73', '2025-08-27 13:54:25'),
(267, 7, 10, 0, 'Xin chào', '2025-08-27 18:12:23'),
(268, 7, 10, 0, 'Xin chào', '2025-08-27 18:19:28'),
(269, 7, NULL, 1, 'Chào User 1, bạn cần giúp gì không? Chúng tôi sẽ phản hồi sớm nhất có thể. Xin cảm ơn!', '2025-08-27 18:19:28'),
(270, 7, 10, 0, 'Xin chào', '2025-08-27 18:22:46'),
(271, 7, 6, 1, 'Bạn cần giúp gì', '2025-08-27 18:23:15'),
(272, 7, 10, 0, 'Tour nào rẻ', '2025-08-27 18:23:23'),
(273, 7, 10, 0, 'Xin chào', '2025-08-27 18:29:18'),
(274, 7, NULL, 1, 'Chào User 1 👋🥰, bạn cần giúp gì không? Chúng tôi sẽ phản hồi sớm nhất có thể. Xin cảm ơn!', '2025-08-27 18:29:18'),
(275, 7, 10, 0, 'Tour nào rẻ nhất', '2025-08-27 18:29:48'),
(276, 7, NULL, 1, 'Chào User 1 👋🥰, bạn cần giúp gì không? Chúng tôi sẽ phản hồi sớm nhất có thể. Xin cảm ơn!', '2025-08-27 18:29:48'),
(277, 7, 6, 1, 'Tour Hội an bạn nhé', '2025-08-27 18:30:05'),
(278, 7, 10, 0, 'cảm ơn bạn', '2025-08-27 18:30:10'),
(279, 7, NULL, 1, 'Chào User 1 👋🥰, bạn cần giúp gì không? Chúng tôi sẽ phản hồi sớm nhất có thể. Xin cảm ơn!', '2025-08-27 18:30:10'),
(280, 7, 10, 0, 'Xin chào', '2025-08-27 18:35:33'),
(281, 7, 6, 1, 'Chào bạn', '2025-08-27 18:35:40'),
(289, 6, 6, 1, 'ngày 1', '2025-08-29 10:08:39'),
(290, 9, 12, 0, 'tui muốn biết tui đã thanh toán xong chưa', '2025-08-29 21:49:34'),
(291, 9, NULL, 1, 'Chào Hồ  Thiện 👋🥰, bạn cần giúp gì không? Chúng tôi sẽ phản hồi sớm nhất có thể. Xin cảm ơn!', '2025-08-29 21:49:34'),
(292, 9, 1, 1, 'bạn yên tâm tour của bạn đã đặt thành công', '2025-08-29 21:50:49'),
(293, 9, 12, 0, 'hi hi', '2025-08-29 22:52:02'),
(294, 9, 12, 0, 'tui muốn biết tui đã đặt tour thafnnh công hay chhuaw', '2025-08-29 22:52:35'),
(295, 9, 1, 1, 'vâng bạn đã đặt tour tc', '2025-08-29 22:53:14'),
(299, 13, 13, 0, 'hihi', '2026-04-18 19:18:53'),
(300, 13, NULL, 1, 'Chào A I 👋🥰, bạn cần giúp gì không? Chúng tôi sẽ phản hồi sớm nhất có thể. Xin cảm ơn!', '2026-04-18 19:18:53'),
(301, 13, 1, 1, ',mm,,m', '2026-04-18 19:27:06'),
(302, 13, 1, 1, ',,,,', '2026-04-18 19:27:09'),
(303, 13, 1, 1, '4', '2026-04-18 19:44:59'),
(304, 13, 1, 1, 's', '2026-04-18 20:11:29'),
(305, 13, 1, 1, 'gfgf', '2026-04-18 21:06:56'),
(306, 13, 1, 1, 'dhgfkdg', '2026-04-18 21:06:59'),
(307, 13, 13, 0, 'g', '2026-04-18 22:10:21'),
(308, 13, 13, 0, 'gg', '2026-04-18 22:28:39'),
(309, 13, 13, 0, 'g', '2026-04-18 22:28:42'),
(420, 27, 63, 0, 'hi', '2026-04-21 14:09:15'),
(421, 27, NULL, 1, 'Chào Olivia White 👋 Mình là trợ lý AI hỗ trợ du lịch. Bạn có thể hỏi ngay như: gợi ý tour gia đình, tour biển, tour giá rẻ hoặc tour nghỉ dưỡng.', '2026-04-21 14:09:15'),
(422, 27, 63, 0, 'trời nắng quá đi đâu', '2026-04-21 14:09:27'),
(423, 27, NULL, 1, '🤖 Gợi ý cho bạn:\nGợi ý phù hợp cho bạn (Khách ít tương tác):\n- Seoul – Nami – Everland ở Hàn Quốc, giá khoảng 25,000,000 VND, danh mục Du lịch ngoài nước.\n- Gia đình haha ở Vĩnh Long, giá khoảng 5,000,000 VND, danh mục Du lịch trong nước.\n- Tour Hạ Long ở Quảng Ninh, giá khoảng 3,500,000 VND, danh mục Du lịch trong nước.\nNếu bạn muốn, nhân viên vẫn có thể hỗ trợ thêm ngay trong cuộc trò chuyện này.', '2026-04-21 14:09:27'),
(424, 27, 63, 0, 'lạnh quá', '2026-04-21 14:09:39'),
(425, 28, 63, 0, 'nóng quá đi đâu', '2026-04-21 14:10:03'),
(426, 28, NULL, 1, '🤖 Gợi ý cho bạn:\nNếu đang nóng, bạn có thể cân nhắc các tour mát mẻ sau (Khách ít tương tác):\n- Tour Sa Pa – Phan Xi Păng ở Lào Cai, giá khoảng 4,200,000 VND, danh mục Du lịch trong nước; lý do: phù hợp để tránh nóng.\n- Tour Hạ Long ở Quảng Ninh, giá khoảng 3,500,000 VND, danh mục Du lịch trong nước; lý do: phù hợp để tránh nóng.\nNếu bạn muốn, nhân viên vẫn có thể hỗ trợ thêm ngay trong cuộc trò chuyện này.', '2026-04-21 14:10:03'),
(427, 29, 63, 0, 'lạnh quá đi đâu', '2026-04-21 14:10:24'),
(428, 29, NULL, 1, '🤖 Gợi ý cho bạn:\nGợi ý phù hợp cho bạn (Khách ít tương tác):\n- Gia đình haha ở Vĩnh Long, giá khoảng 5,000,000 VND, danh mục Du lịch trong nước.\n- Seoul – Nami – Everland ở Hàn Quốc, giá khoảng 25,000,000 VND, danh mục Du lịch ngoài nước.\n- Tour Hạ Long ở Quảng Ninh, giá khoảng 3,500,000 VND, danh mục Du lịch trong nước.\nNếu bạn muốn, nhân viên vẫn có thể hỗ trợ thêm ngay trong cuộc trò chuyện này.', '2026-04-21 14:10:24'),
(429, 29, 63, 0, 'nước ngoài đi đâu', '2026-04-21 14:10:41'),
(430, 29, NULL, 1, '🤖 Gợi ý cho bạn:\nGợi ý tour nước ngoài cho bạn (Khách ít tương tác):\n- Tour Bangkok – Pattaya ở Thái Lan, giá khoảng 12,000,000 VND, danh mục Du lịch ngoài nước.\n- Seoul – Nami – Everland ở Hàn Quốc, giá khoảng 25,000,000 VND, danh mục Du lịch ngoài nước.\n- Tokyo – Núi Phú Sĩ ở Nhật Bản, giá khoảng 32,000,000 VND, danh mục Du lịch ngoài nước.\nNếu bạn muốn, nhân viên vẫn có thể hỗ trợ thêm ngay trong cuộc trò chuyện này.', '2026-04-21 14:10:41'),
(431, 29, 63, 0, 'ngoài', '2026-04-21 14:10:52'),
(432, 29, 63, 0, 'nước ngoài', '2026-04-21 14:11:02'),
(433, 29, NULL, 1, '🤖 Gợi ý cho bạn:\nGợi ý tour nước ngoài cho bạn (Khách ít tương tác):\n- Tour Bangkok – Pattaya ở Thái Lan, giá khoảng 12,000,000 VND, danh mục Du lịch ngoài nước.\n- Seoul – Nami – Everland ở Hàn Quốc, giá khoảng 25,000,000 VND, danh mục Du lịch ngoài nước.\n- Tokyo – Núi Phú Sĩ ở Nhật Bản, giá khoảng 32,000,000 VND, danh mục Du lịch ngoài nước.\nNếu bạn muốn, nhân viên vẫn có thể hỗ trợ thêm ngay trong cuộc trò chuyện này.', '2026-04-21 14:11:02'),
(499, 45, 11, 0, 'giá rẻ', '2026-04-21 22:29:31'),
(500, 45, NULL, 1, ' Gợi ý cho bạn:\nTour giá rẻ nhất hiện có cho bạn (Khách mua nhiều):\n- Tour Ninh Bình ở Ninh Bình, giá khoảng 3,100,000 VND, danh mục Du lịch trong nước.\n- Tour Hạ Long ở Quảng Ninh, giá khoảng 3,500,000 VND, danh mục Du lịch trong nước.\n- Tour Sa Pa – Phan Xi Păng ở Lào Cai, giá khoảng 4,200,000 VND, danh mục Du lịch trong nước.\nNếu bạn muốn, nhân viên vẫn có thể hỗ trợ thêm ngay trong cuộc trò chuyện này.', '2026-04-21 22:29:32'),
(501, 45, 11, 0, 'nước ngoài', '2026-04-21 22:29:43'),
(502, 45, NULL, 1, ' Gợi ý cho bạn:\nGợi ý tour nước ngoài cho bạn (Khách mua nhiều):\n- Tour Bangkok – Pattaya ở Thái Lan, giá khoảng 12,000,000 VND, danh mục Du lịch ngoài nước.\n- Seoul – Nami – Everland ở Hàn Quốc, giá khoảng 25,000,000 VND, danh mục Du lịch ngoài nước.\n- Paris – Versailles ở Pháp, giá khoảng 45,000,000 VND, danh mục Du lịch ngoài nước.\nNếu bạn muốn, nhân viên vẫn có thể hỗ trợ thêm ngay trong cuộc trò chuyện này.', '2026-04-21 22:29:44'),
(503, 45, 11, 0, 'tui đi biển', '2026-04-21 22:29:57'),
(504, 45, NULL, 1, ' Gợi ý cho bạn:\nGợi ý tour biển cho bạn (Khách mua nhiều):\n- Tour Hạ Long ở Quảng Ninh, giá khoảng 3,500,000 VND, danh mục Du lịch trong nước; lý do: hợp nhu cầu đi biển.\n- Hong Kong – Ma Cao ở Hong Kong – Macau, giá khoảng 20,000,000 VND, danh mục Du lịch ngoài nước; lý do: hợp nhu cầu đi biển.\n- Tour Singapore – Kuala Lumpur ở Singapore – Malaysia, giá khoảng 15,000,000 VND, danh mục Du lịch ngoài nước; lý do: hợp nhu cầu đi biển.\nNếu bạn muốn, nhân viên vẫn có thể hỗ trợ thêm ngay trong cuộc trò chuyện này.', '2026-04-21 22:29:57'),
(739, 73, 23, 0, 'hàn quốc', '2026-04-24 19:41:23'),
(740, 73, NULL, 1, '{\"mode\": \"suggest_tour\", \"message\": \"Gợi ý tour nước ngoài cho bạn (Khách ít tương tác):\\n- Tour Bangkok – Pattaya ở Thái Lan, giá khoảng 12,000,000 VND, danh mục Du lịch ngoài nước.\\n- Seoul – Nami – Everland ở Hàn Quốc, giá khoảng 25,000,000 VND, danh mục Du lịch ngoài nước.\\n- Anh Quốc - Scotland ở Anh Quốc, giá khoảng 89,990,000 VND, danh mục Du lịch ngoài nước.\", \"tours\": [{\"id\": \"21\", \"name\": \"Seoul – Nami – Everland\", \"price\": \"25,000,000 VND\", \"image\": \"https://upload.wikimedia.org/wikipedia/commons/3/3f/Everland_Magic_tree.jpg\", \"description\": \"Trải nghiệm Hàn Quốc qua Seoul, đảo Nami và công viên Everland.\", \"url\": \"/tours/21\"}, {\"id\": \"71\", \"name\": \"Anh Quốc - Scotland\", \"price\": \"89,990,000 VND\", \"image\": \"http://localhost:8000/uploads/20260422121639049911.jpg\", \"description\": \"Vòng tròn đá Stonehenge – Công trình từ thời cổ đại chưa nhiều điều bí ẩn. Dạo bước ở Cotswolds – một quần thể tập trung các thị trấn nhỏ...\", \"url\": \"/tours/71\"}]}', '2026-04-24 19:41:23'),
(741, 73, 23, 0, 'anh', '2026-04-24 19:42:01'),
(742, 73, NULL, 1, '{\"mode\": \"consulting\", \"message\": \"Mình chưa chắc bạn đang muốn hỏi về địa điểm nào. Bạn nói rõ hơn giúp mình, ví dụ tên điểm đến đầy đủ hoặc nhu cầu như đi đâu, lịch trình hay chi phí nhé.\"}', '2026-04-24 19:42:01'),
(743, 73, 23, 0, 'trung quốc', '2026-04-24 19:42:18'),
(744, 73, NULL, 1, '{\"mode\": \"consulting\", \"message\": \"Gợi ý phù hợp cho bạn (Khách ít tương tác):\\n- Tour Hạ Long ở Quảng Ninh, giá khoảng 3,500,000 VND, danh mục Du lịch trong nước.\\n- Tour Ninh Bình ở Ninh Bình, giá khoảng 3,100,000 VND, danh mục Du lịch trong nước.\\n- Tour Sa Pa – Phan Xi Păng ở Lào Cai, giá khoảng 4,200,000 VND, danh mục Du lịch trong nước.\"}', '2026-04-24 19:42:18'),
(745, 73, 23, 0, 'trung quốc', '2026-04-24 19:42:44'),
(746, 73, NULL, 1, '{\"mode\": \"consulting\", \"message\": \"Gợi ý phù hợp cho bạn (Khách ít tương tác):\\n- Tour Hạ Long ở Quảng Ninh, giá khoảng 3,500,000 VND, danh mục Du lịch trong nước.\\n- Tour Ninh Bình ở Ninh Bình, giá khoảng 3,100,000 VND, danh mục Du lịch trong nước.\\n- Tour Sa Pa – Phan Xi Păng ở Lào Cai, giá khoảng 4,200,000 VND, danh mục Du lịch trong nước.\"}', '2026-04-24 19:42:44'),
(747, 73, 23, 0, 'vạn lý tường thành', '2026-04-24 19:43:13'),
(748, 73, NULL, 1, '{\"mode\": \"consulting\", \"message\": \"Thông tin tham khảo cho bạn (Khách ít tương tác):\\n- Sa Pa: Ruộng bậc thang và văn hóa dân tộc: hãy thưởng thức ly rượu táo mèo, một loại rượu đặc sản địa phương, để cảm nhận trọn vẹn hương vị của núi rừng Tây Bắc. Những trải nghiệm ẩm thực này chắc chắn sẽ làm phong phú thêm chuyến hành trình khám phá Sa Pa của bạ....\\n- Du lịch một mình an toàn: dân địa phương thân thiện. Khi hoàng hôn buông xuống, hãy ngồi lại bên ly rượu vang, để cho những suy tư về hành trình của bạn chảy tràn. Du lịch một mình an toàn không chỉ là khám phá thế giới bên ngoài mà còn là cuộc h....\"}', '2026-04-24 19:43:13'),
(761, 73, 23, 0, 'giá rẻ', '2026-04-25 06:40:21'),
(762, 73, NULL, 1, '{\"mode\": \"suggest_tour\", \"message\": \"Thông tin tham khảo cho bạn (VIP):\\n- Sa Pa: Ruộng bậc thang và văn hóa dân tộc: hãy thưởng thức ly rượu táo mèo, một loại rượu đặc sản địa phương, để cảm nhận trọn vẹn hương vị của núi rừng Tây Bắc. Những trải nghiệm ẩm thực này chắc chắn sẽ làm phong phú thêm chuyến hành trình khám phá Sa Pa của bạ....\\n- Sa Pa: Ruộng bậc thang và văn hóa dân tộc: léo và sáng tạo trong ẩm thực của các dân tộc thiểu số. Đừng quên trải nghiệm \\\"nướng thịt trên than hồng\\\" tại các quán ăn ven đường. Thịt lợn bản, thịt gà hoặc cá tầm Sa Pa được tẩm ướp gia vị đặc trưng, nướng trên lửa t....\", \"tours\": []}', '2026-04-25 06:40:23'),
(763, 76, 64, 0, 'giá rẻ', '2026-04-25 06:41:37'),
(764, 76, NULL, 1, '{\"mode\": \"suggest_tour\", \"message\": \"Tour giá rẻ nhất hiện có cho bạn (Khách mới / Chưa tương tác):\\n- Thác Voi ở Thác Voi là thác trên dòng suối Đa Mlo tại vùng đất Thôn 8, Huyện Bù Đăng, Bình Phước, giá khoảng 1,000,000 VND, danh mục Du lịch trong nước.\\n- Khu di tích đền Hùng ở Thành phố Việt Trì, Phú Thọ, giá khoảng 3,000,000 VND, danh mục Du lịch trong nước.\\n- Sông Gianh ở địa phận các huyện Minh Hóa, Tuyên Hóa, Bố Trạch, Quảng Trạch và thị xã Ba Đồn., Quảng Trị, giá khoảng 3,000,000 VND, danh mục Du lịch trong nước.\", \"tours\": [{\"id\": \"48\", \"name\": \"Khu di tích đền Hùng\", \"price\": \"3,000,000 VND\", \"image\": \"http://localhost:8000/uploads/20260421225155844265.jpg\", \"description\": \"Khu di tích đền Hùng là một quần thể kiến trúc thâm nghiêm trên núi Nghĩa Lĩnh. Từ Hà Nội theo quốc lộ số 2 đến thành phố Việt Trì (84km)...\", \"url\": \"/tours/48\"}, {\"id\": \"47\", \"name\": \"Làng hoa Sa Đéc\", \"price\": \"3,000,000 VND\", \"image\": \"http://localhost:8000/uploads/20260421224848504789.jpg\", \"description\": \"Du khách đến với Đồng bằng Sông Cửu Long không thể không nhớ tới làng hoa Sa Đéc, một địa chỉ du lịch nổi tiếng của tỉnh Đồng Tháp, nơi n...\", \"url\": \"/tours/47\"}]}', '2026-04-25 06:41:38'),
(765, 73, 23, 0, 'jack và sơn tùng ai nổi tiếng hơn', '2026-04-25 18:22:48'),
(766, 73, NULL, 1, '{\"mode\": \"consulting\", \"message\": \"Thông tin tham khảo cho bạn (VIP):\\n- Hồ Hoàn Kiếm và Đền Ngọc Sơn: đại của Việt Nam. Để đến được đền, du khách phải băng qua cầu Thê Húc, chiếc cầu gỗ sơn đỏ nổi bật giữa màu xanh của hồ. Đền Ngọc Sơn không chỉ thu hút du khách bởi kiến trúc độc đáo mà còn bởi không gian tĩnh lặng, tạo....\\n- Hồ Hoàn Kiếm và Đền Ngọc Sơn: Hưng Đạo và là nơi để tưởng nhớ những giá trị văn hóa truyền thống. Cây cầu Thê Húc đỏ rực dẫn vào đền như một dải lụa mềm mại, gợi nhớ đến những câu chuyện huyền thoại của đất Việt. Hồ Hoàn Kiếm và Đền Ngọc Sơn không ch....\"}', '2026-04-25 18:22:48'),
(767, 73, 23, 0, 'anh', '2026-04-25 18:23:19'),
(768, 73, NULL, 1, '{\"mode\": \"consulting\", \"message\": \"Mình chưa chắc bạn đang muốn hỏi về địa điểm nào. Bạn nói rõ hơn giúp mình, ví dụ tên điểm đến đầy đủ hoặc nhu cầu như đi đâu, lịch trình hay chi phí nhé.\"}', '2026-04-25 18:23:19'),
(769, 73, 23, 0, 'anh quốc', '2026-04-25 18:23:25'),
(770, 73, NULL, 1, '{\"mode\": \"consulting\", \"message\": \"Gợi ý phù hợp cho bạn (VIP):\\n- Tour Hạ Long ở Quảng Ninh, giá khoảng 3,500,000 VND, danh mục Du lịch trong nước.\\n- Anh Quốc - Scotland ở Anh Quốc, giá khoảng 89,990,000 VND, danh mục Du lịch ngoài nước.\\n- Tour Sa Pa – Phan Xi Păng ở Lào Cai, giá khoảng 4,200,000 VND, danh mục Du lịch trong nước.\"}', '2026-04-25 18:23:25'),
(771, 73, 23, 0, 'đi biển', '2026-04-25 18:23:41'),
(772, 73, NULL, 1, '{\"mode\": \"suggest_tour\", \"message\": \"Gợi ý tour biển cho bạn (VIP):\\n- Tour Hạ Long ở Quảng Ninh, giá khoảng 3,500,000 VND, danh mục Du lịch trong nước; lý do: hợp nhu cầu đi biển.\\n- Bãi tắm Long Hải ở Long Hải, Huyện Long Điền, Bà Rịa - Vũng Tàu, giá khoảng 5,000,000 VND, danh mục Du lịch trong nước; lý do: hợp nhu cầu đi biển.\\n- Bãi biển Sa Huỳnh ở Biển Sa Huỳnh, Quốc lộ 1A, Sa Huỳnh, Huyện Đức Phổ, Quảng Ngãi, giá khoảng 15,000,000 VND, danh mục Du lịch trong nước; lý do: hợp nhu cầu đi biển.\\n- Thông tin thêm: Các loại hình lưu trú tại Việt Nam - và tiện nghi hiện đại, cho đến những homestay ấm cúng nằm giữa lòng những cánh đồng xanh tươi của Mộc Châu hay Sapa, nơi bạn có thể giao lưu văn hóa với người dân địa phương. Nếu b....\", \"tours\": [{\"id\": \"61\", \"name\": \"Bãi biển Sa Huỳnh\", \"price\": \"15,000,000 VND\", \"image\": \"http://localhost:8000/uploads/20260422085530572208.jpg\", \"description\": \"Bãi biển nằm sát quốc lộ 1A, ở cây số 985, thuộc Phổ Thạnh, huyện Đức Phổ, tỉnh Quảng Ngãi. Đặc điểm: Bãi biển rất thuận tiện cho du khác...\", \"url\": \"/tours/61\"}, {\"id\": \"58\", \"name\": \"Bãi tắm Long Hải\", \"price\": \"5,000,000 VND\", \"image\": \"http://localhost:8000/uploads/20260422084128048681.jpg\", \"description\": \"ãi Long Hải thuộc thị trấn Long Hải, huyện Long Điền, cách thành phố Vũng Tàu 30km về hướng đông bắc. Đặc điểm: Chạy dài, uốn lượn phía n...\", \"url\": \"/tours/58\"}]}', '2026-04-25 18:23:41');

-- --------------------------------------------------------

--
-- Cấu trúc bảng cho bảng `support_thread`
--

CREATE TABLE `support_thread` (
  `id` int NOT NULL,
  `user_id` int NOT NULL,
  `status` enum('open','closed') CHARACTER SET utf8mb4 COLLATE utf8mb4_general_ci DEFAULT 'open',
  `created_at` datetime DEFAULT CURRENT_TIMESTAMP
) ENGINE=InnoDB DEFAULT CHARSET=utf8mb4 COLLATE=utf8mb4_general_ci;

--
-- Đang đổ dữ liệu cho bảng `support_thread`
--

INSERT INTO `support_thread` (`id`, `user_id`, `status`, `created_at`) VALUES
(1, 7, 'open', '2025-08-26 14:52:36'),
(3, 5, 'open', '2025-08-26 15:20:52'),
(4, 8, 'open', '2025-08-26 15:36:43'),
(6, 6, 'open', '2025-08-26 16:05:24'),
(7, 10, 'open', '2025-08-27 18:02:54'),
(9, 12, 'open', '2025-08-29 21:48:02'),
(12, 13, 'open', '2026-04-18 19:18:45'),
(13, 13, 'open', '2026-04-18 19:18:48'),
(14, 1, 'open', '2026-04-19 06:58:49'),
(27, 63, 'open', '2026-04-21 14:09:05'),
(28, 63, 'open', '2026-04-21 14:09:54'),
(29, 63, 'open', '2026-04-21 14:10:11'),
(44, 11, 'open', '2026-04-21 22:29:20'),
(45, 11, 'open', '2026-04-21 22:29:21'),
(73, 23, 'open', '2026-04-24 19:06:45'),
(76, 64, 'open', '2026-04-25 06:41:28'),
(77, 66, 'open', '2026-04-26 15:34:46'),
(78, 67, 'open', '2026-04-26 15:34:46'),
(79, 68, 'open', '2026-04-26 15:34:46'),
(80, 69, 'open', '2026-04-26 15:34:46'),
(81, 70, 'open', '2026-04-26 15:34:46'),
(82, 71, 'open', '2026-04-26 15:34:46'),
(83, 72, 'open', '2026-04-26 15:34:46'),
(84, 73, 'open', '2026-04-26 15:34:46'),
(85, 74, 'open', '2026-04-26 15:34:46'),
(86, 75, 'open', '2026-04-26 15:34:46');

-- --------------------------------------------------------

--
-- Cấu trúc bảng cho bảng `tour`
--

CREATE TABLE `tour` (
  `TourID` int NOT NULL,
  `Title` varchar(100) CHARACTER SET utf8mb4 COLLATE utf8mb4_general_ci NOT NULL,
  `Location` varchar(100) CHARACTER SET utf8mb4 COLLATE utf8mb4_general_ci DEFAULT NULL,
  `Description` text CHARACTER SET utf8mb4 COLLATE utf8mb4_general_ci,
  `Capacity` int DEFAULT NULL,
  `Price` decimal(10,2) DEFAULT NULL,
  `StartDate` date DEFAULT NULL,
  `EndDate` date DEFAULT NULL,
  `Status` enum('Available','Full','Cancelled') CHARACTER SET utf8mb4 COLLATE utf8mb4_general_ci DEFAULT 'Available',
  `CategoryID` int DEFAULT NULL
) ENGINE=InnoDB DEFAULT CHARSET=utf8mb4 COLLATE=utf8mb4_general_ci;

--
-- Đang đổ dữ liệu cho bảng `tour`
--

INSERT INTO `tour` (`TourID`, `Title`, `Location`, `Description`, `Capacity`, `Price`, `StartDate`, `EndDate`, `Status`, `CategoryID`) VALUES
(18, 'Tour Bangkok – Pattaya', 'Thái Lan', 'Khám phá thành phố biển Pattaya và thủ đô Bangkok sôi động.', 35, 12000000.00, '2026-06-10', '2026-06-14', 'Available', 10),
(19, 'Tour Singapore – Kuala Lumpur', 'Singapore – Malaysia', 'Tham quan Singapore hiện đại và Kuala Lumpur cổ kính.', 50, 15000000.00, '2026-06-15', '2026-06-19', 'Available', 10),
(20, 'Tokyo – Núi Phú Sĩ', 'Nhật Bản', 'Khám phá thủ đô Tokyo và ngắm cảnh Núi Phú Sĩ hùng vĩ.', 45, 32000000.00, '2026-07-05', '2026-07-10', 'Available', 10),
(21, 'Seoul – Nami – Everland', 'Hàn Quốc', 'Trải nghiệm Hàn Quốc qua Seoul, đảo Nami và công viên Everland.', 45, 25000000.00, '2026-07-12', '2026-07-16', 'Available', 10),
(22, 'Hong Kong – Ma Cao', 'Hong Kong – Macau', 'Tham quan Hong Kong hiện đại và sòng bạc Ma Cao nổi tiếng', 30, 20000000.00, '2026-08-01', '2026-08-04', 'Available', 10),
(23, 'Đài Bắc – Cao Hùng', 'Đài Loan', 'Khám phá Đài Bắc nhộn nhịp và thành phố Cao Hùng.', 30, 18000000.00, '2026-08-10', '2026-08-14', 'Available', 10),
(29, 'Paris – Versailles', 'Pháp', 'Dạo quanh Paris hoa lệ và cung điện Versailles lộng lẫy.', 25, 45000000.00, '2026-09-01', '2026-09-08', 'Available', 10),
(30, 'Tour Hạ Long', 'Quảng Ninh', 'Khám phá kỳ quan Vịnh Hạ Long.', 30, 3500000.00, '2026-05-15', '2026-05-17', 'Available', 7),
(31, 'Tour Sa Pa – Phan Xi Păng', 'Lào Cai', 'Leo núi Fansipan, thưởng sương Sa Pa.', 25, 4200000.00, '2026-05-20', '2026-05-23', 'Available', 7),
(40, 'Tour Ninh Bình', 'Ninh Bình', 'Tràng An và Tam Cốc – Bích Động.', 32, 3100000.00, '2026-06-01', '2026-06-03', 'Available', 7),
(42, 'Sydney – Blue Mountains', 'Úc', 'Tham quan Sydney và dãy núi Blue Mountains hùng vĩ.', 25, 40000000.00, '2026-10-10', '2026-10-17', 'Available', 10),
(43, 'Dubai – Abu Dhabi', 'UAE', 'Khám phá Dubai hiện đại và Abu Dhabi xa hoa.', 35, 38000000.00, '2026-11-05', '2026-11-10', 'Available', 10),
(44, 'Chợ nổi', 'Vĩnh Long', 'Du lịch sông nước mát mẻ giá cả phù hợp, phong cảnh thơ mộng hữu tình', 100, 5000000.00, '2026-05-25', '2026-05-26', 'Available', 7),
(45, 'Chợ Bến Thành ', 'Cửa Nam – Chợ Bến Thành, Phường Bến Thành, Quận 1, Bến Thành, Quận 1, Thành phố Hồ Chí Minh', 'Tọa lạc tại Quận 1, TP. Hồ Chí Minh, tiếp giáp với đường Lê Lợi ở phía nam, đường Phan Bội Châu ở phía đông, Phan Chu Trinh ở phía tây và Lê Thánh Tôn ở phía bắc, chợ Bến Thành là chợ bán lẻ quy mô lớn nhất thành phố với đầy đủ các mặt hàng từ bình dân đến cao cấp và là điểm đến hấp dẫn không thể bỏ qua của du khách khi đến TP. Hồ Chí Minh.', 50, 3000000.00, '2026-08-05', '2026-08-06', 'Available', 7),
(46, 'Thắng cảnh Hà Tiên', 'Thị xã Hà Tiên, An Giang', 'Hà Tiên là một thị xã biên giới, tỉnh Kiên Giang, cách thành phố Rạch Giá 90km đường bộ. Đặc điểm:Hà Tiên là nơi hội tụ của nhiều danh lam thắng cảnh, thiên nhiên hoang sơ đầy quyến rũ: có hang sâu, động hiểm, nhiều đảo đá trên biển; có sông, hồ, chùa, lăng tẩm và nhiều bãi tắm đẹp.', 50, 10000000.00, '2026-09-01', '2026-09-01', 'Available', 7),
(47, 'Làng hoa Sa Đéc', 'Cách trung tâm thành phố Sa Đéc 03km, Thành phố Sa Đéc', 'Du khách đến với Đồng bằng Sông Cửu Long không thể không nhớ tới làng hoa Sa Đéc, một địa chỉ du lịch nổi tiếng của tỉnh Đồng Tháp, nơi nằm giữa sông Hậu và sông Tiền.\n\nTương truyền khi chúa Nguyễn thành lập Tỉnh lỵ Sa Đéc, lúc bấy giờ có mang theo nhiều gia nhân và để lại nhằm giúp truyền nghề cho người dân địa phương như dệt, làm bánh, làm nem, và hơn hết là nghề trồng hoa. ', 30, 3000000.00, '2026-09-02', '2026-09-03', 'Available', 7),
(48, 'Khu di tích đền Hùng', 'Thành phố Việt Trì, Phú Thọ', 'Khu di tích đền Hùng là một quần thể kiến trúc thâm nghiêm trên núi Nghĩa Lĩnh. Từ Hà Nội theo quốc lộ số 2 đến thành phố Việt Trì (84km) đi tiếp khoảng 10km đến ngã ba Hàng rẽ về bên trái 3 km là đến khu di tích. Khu di tích lịch sử đền Hùng gồm có đền Hạ và chùa, đền Giếng, đền Trung, đền Thượng, lăng vua Hùng.', 50, 3000000.00, '2026-09-09', '2026-09-09', 'Available', 7),
(49, 'Cụm di tích Làng Sen', 'Kim Liên, Huyện Nam Đàn, Nghệ An', 'Làng Sen xưa là làng Kim Liên thuộc xã Chung Cự, tổng Lâm Thịnh, huyện Nam Đàn, nay làng Sen thuộc xã Kim Liên, huyện Nam Đàn, tỉnh Nghệ An. Làng Sen là mảnh đất quê hương của Chủ tịch Hồ Chí Minh, nơi lưu giữ nhiều di tích, hiện vật, nhiều kỷ niệm, gắn liền với cuộc sống thời thơ ấu của Chủ tịch Hồ Chí Minh, cùng những thành viên trong gia đình của Người trong những năm 1901-1906 và hai lần Người về thăm quê năm 1957, 1961.', 50, 5000000.00, '2027-05-19', '2027-05-19', 'Available', 7),
(50, 'Thác Thủy Tiên', 'thôn Giang Tiến, Huyện Krông Năng, Đắc Lắk', 'Bắt nguồn từ những dòng suối trong rừng sâu đổ ra với 4 thác chính, mỗi thác có một vẻ đẹp riêng. Thuỷ Tiên tựa như một nàng tiên ẩn mình bên rừng núi với những dòng thác hiền hòa uốn lượn giữa đại ngàn.', 50, 5000000.00, '2027-04-25', '2027-04-25', 'Available', 7),
(51, 'Thác Mây ', 'Thôn Đăng Thượng, Huyện Thạch Thành, Thanh Hoá', 'Giữa núi rừng trùng điệp của dãy Trường Sơn, thác Mây hiện ra như đám mây trắng tinh khôi. Vẻ đẹp của thác, theo truyền thuyết, còn lôi cuốn được 9 nàng tiên xuống tắm...\nThác Mây nằm ở thôn Đăng Thượng, xã Thạch Lâm (huyện Thạch Thành, Thanh Hóa), cách thành phố Thanh Hóa khoảng 100 km và cách đường mòn Hồ Chí Minh chỉ khoảng 10 km đường ô tô. Dù chưa được nhiều người biết đến, nhưng thác Mây được đánh giá là đẹp nhất ở xứ Thanh.', 50, 7000000.00, '2026-09-09', '2026-09-11', 'Available', 7),
(52, 'Thác Voi', 'Thác Voi là thác trên dòng suối Đa Mlo tại vùng đất Thôn 8, Huyện Bù Đăng, Bình Phước', 'Thác Voi hay còn gọi là thác Nokrop thuộc xã Đồng Nai, huyện Bù Đăng, tỉnh Bình Phước, một địa danh du lịch không thể bỏ qua được nhiều phượt thủ “săn đón” trong hành trình khám phá vẻ đẹp tiềm ẩn của núi rừng mà thiên nhiên đã ban tặng cho con người Bình Phước.', 50, 1000000.00, '2026-10-08', '2026-10-11', 'Available', 7),
(53, 'Quần đảo Cát Bà', ' Thành phố Hải Phòng', 'Nằm cách trung tâm thành phố chừng 60km, quần đảo Cát Bà là một địa chỉ ở Hải Phòng được nhiều người quan tâm. Quần đảo này nằm liền kề với vịnh Hạ Long, ngoài khơi thành phố Hải Phòng. Ngoài du lịch biển đảo, Cát Bà còn là nơi duy nhất ở Việt Nam hội tụ ba danh hiệu quốc gia và quốc tế gồm vườn Quốc gia Cát Bà, khu bảo tồn biển và khu dự trữ sinh quyển thế giới.', 60, 15000000.00, '2026-11-11', '2026-11-14', 'Available', 7),
(54, 'Vườn Quốc gia Cúc Phương', 'Huyện Nho Quan, Ninh Bình', 'Vườn Quốc gia Cúc Phương thuộc huyện Nho Quan, tỉnh Ninh Bình, giáp gianh giữa ba tỉnh Ninh Bình, Hoà Bình và Thanh Hoá, cách Hà Nội hơn 100km về phía tây nam. Đặc điểm: Cúc Phương là vườn quốc gia đầu tiên của Việt Nam, thành lập vào tháng 7/1962. Vườn quốc gia Cúc Phương có một quần thể hệ động thực vật vô cùng phong phú, đa dạng và độc đáo.', 40, 5000000.00, '2026-12-12', '2026-12-14', 'Available', 7),
(55, 'Tháp Pô Klông Garai', 'Khu phố 8, Đô Vinh, Thành phố Phan Rang-Tháp Chàm, Ninh Thuận', 'Trên lộ trình đường sắt Bắc Nam, lại nằm sát quốc lộ 27A đi Đà Lạt, cách trung tâm Phan Rang - Tháp Chàm 07 km về phía Tây là quần thể tháp Chàm nằm trọn vẹn trên ngọn đồi có tên là Đồi Trầu, thuộc khu phố 8, phường Đô Vinh. Đây là cụm tháp được xây dựng từ thế kỷ XIII để thờ vị vua Chăm trị vì xứ Panduranga (Ninh Thuận ngày nay); ông có tên là Pô Klông Garai (1151 - 1205); hiện nay cụm tháp còn nguyên vẹn về cả công trình kiến trúc lẫn việc tổ chức thờ phượng, cúng kính của người Chăm.', 50, 9000000.00, '2026-10-15', '2026-10-15', 'Available', 7),
(56, 'Đồi cát bay Mũi Né', 'Khu phố 5, Thành phố Phan Thiết, Bình Thuận', 'Đồi Cát Mũi Né nằm ở khu phố 5, phường Mũi Né, thành phố Phan Thiết. Đây là một trong những bãi cát trải dài nhiều km, lan rộng ở một diện tích không nhất định với tổng thể lớn.\nĐiểm độc đáo nhất của đồi cát Mũi Né là sau mỗi đợt gió lớn hoặc trải qua khoảng thời gian một ngày đêm thì diện mạo của đồi cát lại trở nên mới nguyên, khác hẳn với hình dạng trước đó.', 50, 10000000.00, '2026-08-25', '2026-08-25', 'Available', 7),
(57, 'Sông Gianh', 'địa phận các huyện Minh Hóa, Tuyên Hóa, Bố Trạch, Quảng Trạch và thị xã Ba Đồn., Quảng Trị', 'Sông Gianh phát nguyên từ bốn đầu nguồn: Nguồn Son, nguồn Nan, nguồn Trổ và nguồn Nậy.  Sông Gianh có lòng sông sâu, lượng nước chảy mạnh, bắt đầu từ rừng núi Trường Sơn hiểm trở, lách núi, xuyên ngàn, tạo ra nhiều ghềnh thác rồi đổ ra biển Đông. Với chiều dài con sông là 152 km, chiều rộng có nơi đến 900 m, nó đi qua vùng đất của 4 huyện: Minh Hóa, Tuyên Hóa, Bố Trạch, Quảng Trạch. Lòng sông có 5 cồn và đảo nhỏ trên sông, trong đó đảo dài nhất khoảng 3,8km, rộng nhất khoảng 0,8km. Dòng nước sông Gianh về đến cửa biển thì hơi hẹp lại và tiếp nhận thêm dòng nước của con sông nhỏ gọi là Rào Chùa, hay còn gọi là Rào Bồ Khê, Thanh Trạch ở bờ phải phía Nam cửa lạch.', 50, 3000000.00, '2027-01-01', '2027-01-03', 'Available', 7),
(58, 'Bãi tắm Long Hải', 'Long Hải, Huyện Long Điền, Bà Rịa - Vũng Tàu', 'ãi Long Hải thuộc thị trấn Long Hải, huyện Long Điền, cách thành phố Vũng Tàu 30km về hướng đông bắc. Đặc điểm: Chạy dài, uốn lượn phía nam chân núi Thùy Vân, hay Kỳ Vân (ngày nay có tên Minh đạm), bãi Long Hải là một bãi biển sạch, đẹp, nước xanh trong.', 50, 5000000.00, '2026-07-07', '2026-07-09', 'Available', 7),
(59, 'Hà Nội', 'Chùa Một Cột,Văn Miếu - Quốc Tử Giám,Hồ Hoàn Kiếm', 'Chùa Một Cột,Văn Miếu - Quốc Tử Giám,Hồ Hoàn Kiếm. Dạo chơi tại phố đi bộ và dành thời gian thưởng thức các món ẩm thực nổi tiếng ở trung tâm phố cổ sẽ là trải nghiệm đáng nhớ của du khách khi tới Hà Nội.', 50, 10000000.00, '2026-08-28', '2026-08-30', 'Available', 7),
(60, 'Cánh Đồng Hoa Hướng Dương', 'Phố Thanh Mai, Đa Mai, Thành phố Bắc Giang, Bắc Ninh', 'Cùng Phượt – Hàng nghìn đoá hướng dương nở rộ tại một cánh đồng ở Bắc Giang đang thu hút nhiều bạn trẻ đến chụp hình. Đây hứa hẹn sẽ là một trong những địa điểm du lịch Bắc Giang rất “hot” trong thời gian tới.', 50, 50000000.00, '2026-02-01', '2026-02-02', 'Available', 7),
(61, 'Bãi biển Sa Huỳnh', 'Biển Sa Huỳnh, Quốc lộ 1A, Sa Huỳnh, Huyện Đức Phổ, Quảng Ngãi', 'Bãi biển nằm sát quốc lộ 1A, ở cây số 985, thuộc Phổ Thạnh, huyện Đức Phổ, tỉnh Quảng Ngãi. Đặc điểm: Bãi biển rất thuận tiện cho du khách đến nghỉ ngơi, tham quan, có motel để du khách dừng chân nghỉ rồi tiếp tục hành trình.', 56, 15000000.00, '2026-08-08', '2026-08-10', 'Available', 7),
(62, 'Liên Tuyến Ba Quốc Gia: Malaysia - Indonesia - Singapore', ' Malaysia - Indonesia - Singapore', 'Hành trình liên tuyến 3 nước Singapore – Malaysia – Indonesia mở ra cơ hội khám phá ba quốc gia đặc sắc của Đông Nam Á. Khởi đầu từ Singapore – “quốc đảo thông minh” với nhịp sống hiện đại, quy hoạch xanh và những biểu tượng mang tầm quốc tế như Gardens by the Bay hay Marina Bay Sands; tiếp nối đến Malaysia – “thiên đường nhiệt đới” quyến rũ, nơi du khách chiêm ngưỡng sự giao hòa giữa Malacca cổ kính, Kuala Lumpur sôi động và bầu không khí mát lành của cao nguyên Genting. Hành trình còn đưa Quý khách đến Indonesia – xứ sở vạn đảo, với Batam như một điểm dừng chân thuận tiện, mang lại trải nghiệm mới mẻ trong hành trình khám phá.\n\nXuyên suốt chuyến đi, du khách sẽ được chiêm ngưỡng cảnh quan đa dạng, thưởng thức ẩm thực đặc trưng của từng quốc gia, thỏa sức mua sắm và tận hưởng những khoảnh khắc đáng nhớ trong không gian văn hóa – giải trí sôi động của ba nước.', 50, 15990000.00, '2026-09-02', '2026-09-02', 'Available', 10),
(63, 'Hồng Kông Tặng trải nghiệm xe Ding Ding', 'Hồng Kông', 'Chợ Quý Bà (Ladies Market) thiên đường mua sắm của Hongkong\nVườn Nam Liên ốc đảo xanh kiến trúc cổ xưa thời nhà Đường (618–907 SCN)\nNúi Thái Bình Victoria Peak ngắm nhìn toàn cảnh Hongkong.\nĐại Lộ Ngôi Sao Avenue of Star nơi tôn vinh những ngôi sao điện ảnh Hongkong\nTrải nghiệm ferry tham quan Vịnh biển Victory và vịnh Loan Tể Wan Chai ngắm toàn cảnh Hongkong\nVịnh Nước Cạn (Repulse Bay) được đánh giá là vịnh biển đẹp bậc nhất xứ Cảng Thơm\nLàng Văn Hóa Dân Tộc Trung Hoa bảo tàng thu nhỏ những thắng cảnh thế giới\nOCT Loft Công viên Văn Hóa Sáng Tạo công nghệ và kiến trúc\nPhố cổ Vĩnh Khánh Phường nơi lưu giữ nhiều kỷ vật của huyền thoại Lý Tiểu Long\nCheck-in Tháp Truyền Hình Quảng Châu Canton Tower\nKhám phá các khu chợ sỉ lớn nhất thế giới : Hoa Cường Bắc, Đông Môn, Bạch Mã.', 50, 20990000.00, '2026-10-10', '2026-10-15', 'Available', 10),
(64, 'BALI - TIRTA GANGA - TAMPAK SIRING - UBUD', 'Indonesia', 'Đến với Đảo Bali, Quý khách sẽ cảm nhận được một không gian thanh bình, một vẻ đẹp quyến rũ khó cưỡng, luôn mời gọi du khách quốc tế. Thiên đường nhiệt đới này là sự kết hợp tuyệt vời giữa mua sắm, giải trí và du lịch là liều thuốc giải toả căng thẳng hữu hiệu nhất.\n\n- Chinh phục \"cổng trời\" Lempuyang, chiêm ngưỡng núi Agung hùng vĩ.\n\n- Khám phá cung điện nước Tirta Gangga huyền thoại.\n\n- Tham quan các làng văn hóa và trải nghiệm trang phục truyền thống Bali\n\n- Tự do khám phá các đảo nổi tiếng của Bali như Nusa Dua, Nusa Penida,...', 50, 14590000.00, '2027-02-20', '2027-02-20', 'Available', 10),
(65, 'Bắc Kinh - Vạn Lý Trường Thành - Hàng Châu - Thượng Hải - Ô Trấn', 'Trung Quốc', 'i Hòa Viên cung điện mùa hè của Từ Hy Thái Hậu\nCố cung Tử Cấm Thành bảo tàng cung điện lớn nhất thế giới.\nVạn Lý Trường Thành – Cư Dung Quan thành trì kiên cố và còn trọn vẹn nhất.\nThập Tam Lăng - Định Lăng địa cung dưới lòng đất của quần thể Thập Tam Lăng.\nPhố cổ Tiền Môn, phố Vương Phủ Tỉnh nổi tiếng sầm uất và có niên đại hơn 500 năm lịch sử.\nNgoạn cảnh Tây Hồ bằng du thuyền, thắng cảnh UNESCO.\nÔ Trấn – Đông Sách thủy trấn được ví như mỹ cảnh Giang Nam.\nChùa Phật Ngọc ngôi chùa nổi tiếng và thiêng liêng nhất ở Thượng Hải kiến trúc độc đáo và bức tượng Phật bằng ngọc bích quý giá.\nBến Thượng Hải vị trí ngắm cảnh đẹp nhất Thượng Hải.\nCheck in các điểm thu hút nhất Thượng Hải: tháp Lục Gia Chủy, phố Tân Thiên Địa, đường Wukang, phố Nam Kinh.', 50, 22990000.00, '2026-10-20', '2026-10-28', 'Available', 10),
(66, 'Hòa Mình Vào Thiên Đường Nghỉ Dưỡng', 'Maldives', 'Maldives không chỉ là một điểm đến – mà là nơi thời gian chậm lại, để mỗi khoảnh khắc trở thành ký ức. Giữa đại dương Ấn Độ xanh thẳm, nơi những dải san hô vẽ nên bảng màu thiên nhiên tuyệt mỹ, hành trình đưa Quý khách chạm đến một chuẩn mực sống khác – tinh tế, riêng tư và trọn vẹn. Tại Siyam World Maldives 5*, mỗi trải nghiệm không đơn thuần là nghỉ dưỡng, mà là hành trình kết nối – với thiên nhiên, với cảm xúc và với những người thân yêu bên cạnh.', 50, 50999000.00, '2027-01-01', '2027-01-01', 'Available', 10),
(67, 'Thưởng thức Colloseum Show', 'Bangkok - Pattaya', 'Bangkok - Pattaya - Chợ nổi Bốn Miền – Wat Phra Yai – Khu du lịch Suan Thai Pattaya – Thưởng thức Colloseum Show', 50, 8490000.00, '2026-11-10', '2026-11-15', 'Available', 10),
(68, 'Garden By The Bay - Botanic Garden', 'Singapore', 'Singapore, viên ngọc quý của Đông Nam Á, quốc đảo nhỏ bé nhưng lại là điểm đến du lịch đầy mê hoặc, nơi sự hòa quyện giữa kiến trúc hiện đại và văn hóa truyền thống tạo nên một sức hút khó cưỡng. Hãy cùng Vietravel khám phá những điều kỳ diệu tại Đảo quốc Sư tử và lưu lại những kỷ niệm khó quên:\n\n- Vịnh Marina tráng lệ với những công trình kiến trúc độc đáo và sang trọng, biểu tượng cho sự phát triển vượt bậc của Singapore.', 50, 15990000.00, '2026-12-10', '2026-12-15', 'Available', 10),
(69, 'Đầm Cao Mỹ - Đài Trung - Đài Bắc - Thác nước Thập Phần - Phố cổ Đại Đạo Thành', 'Đài Trung', 'Đài Trung - Đầm Cao Mỹ - Đài Trung - Đài Bắc - Thác nước Thập Phần - Phố cổ Đại Đạo Thành - Tặng trà sữa & bánh bao Khách Gia', 20, 10990000.00, '2026-07-30', '2026-08-05', 'Available', 10),
(70, ' Siem Reap - Phnom Penh', 'Campuchia', 'Campuchia, được mệnh danh là Xứ sở chùa tháp với vẻ đẹp huyền bí, không chỉ thu hút du khách bởi những ngôi đền cổ kính như Angkor Wat, mà còn bởi những câu chuyện lịch sử và văn hóa phong phú.\n\nHành trình tham quan Campuchia hứa hẹn mang lại những trải nghiệm bất ngờ cho Quý khách:\n\n- Khám phá Siem Reap với quần thể Angkor ký bí nổi tiếng: Angkor Thom, đền Ta Prohm, Angkor Wat, ...', 50, 7490000.00, '2026-07-27', '2026-08-01', 'Available', 10),
(71, 'Anh Quốc - Scotland', 'Anh Quốc', 'Vòng tròn đá Stonehenge – Công trình từ thời cổ đại chưa nhiều điều bí ẩn.\nDạo bước ở Cotswolds – một quần thể tập trung các thị trấn nhỏ nhắn xinh đẹp và những ngôi làng thoáng mát dễ chịu cùng với các ngôi nhà bằng đá vô cùng lạ mắt và độc đáo\nQuê hương William Shakespeare – ngôi làng nhỏ xinh Stratford-upon-Avon\nDu thuyền trên Windermere – hồ tự nhiên lớn nhất tại Anh Quốc\nLâu đài Windsor cổ kính – biểu tượng của Hoàng gia Anh, và là lâu đài lớn nhất thế giới còn có người ở. Lâu đài có sự pha trộn nhiều phong cách khác nhau. Windsor được xem là công trình đại diện cho phong cách kiến trúc Baroque, Gothic, Tudor và Georgian.\nChiêm ngưỡng Lâu đài Edinburgh (cung điện mùa hè của Hoàng Gia Anh)\nĐi dạo trên Phố Shambles – được bình chọn là con phố đẹp nhất ở Anh, đồng thời là con phố Trung cổ được bảo tồn tốt nhất ở châu Âu\nTìm hiểu về Tháp đồng hồ Big Ben và Cầu Tower Bridge, 2 biểu tượng của Thủ đô London', 50, 49990000.00, '2026-09-10', '2026-09-20', 'Available', 10),
(80, 'Huế - Đà Nẵng Premium 3N2D', 'Đà Nẵng', 'Tour miền Trung cao cấp, trải nghiệm nghỉ dưỡng và ẩm thực.', 30, 4200000.00, '2026-05-10', '2026-05-12', 'Available', 7),
(81, 'Phú Quốc Sunset Resort 4N3D', 'Phú Quốc', 'Nghỉ dưỡng biển cao cấp tại Phú Quốc.', 24, 6900000.00, '2026-05-18', '2026-05-21', 'Available', 7),
(82, 'Sapa Trekking Fansipan 3N2D', 'Lào Cai', 'Khám phá núi rừng Tây Bắc và văn hóa bản địa.', 28, 3600000.00, '2026-06-03', '2026-06-05', 'Available', 7),
(83, 'Mekong Cần Thơ - Châu Đốc 2N1D', 'Cần Thơ', 'Trải nghiệm chợ nổi và ẩm thực miền Tây.', 35, 2500000.00, '2026-06-12', '2026-06-13', 'Available', 7),
(84, 'Seoul - Nami Signature 5N4D', 'Hàn Quốc', 'Tour Hàn Quốc mùa hoa, lịch trình signature.', 20, 16500000.00, '2026-07-02', '2026-07-06', 'Available', 10),
(85, 'Tokyo - Fuji Premium 5N4D', 'Nhật Bản', 'Khám phá Tokyo và núi Phú Sĩ theo tiêu chuẩn premium.', 18, 19800000.00, '2026-07-10', '2026-07-14', 'Available', 10),
(86, 'Paris - Switzerland Scenic 7N6D', 'Pháp', 'Hành trình châu Âu lãng mạn và cảnh quan đặc sắc.', 16, 36500000.00, '2026-08-04', '2026-08-10', 'Available', 10),
(87, 'Sydney - Melbourne Discovery 6N5D', 'Úc', 'Tour Úc kết hợp hai thành phố nổi bật.', 18, 33800000.00, '2026-08-20', '2026-08-25', 'Available', 10);

-- --------------------------------------------------------

--
-- Cấu trúc bảng cho bảng `tour_cluster`
--

CREATE TABLE `tour_cluster` (
  `TourID` int NOT NULL,
  `ClusterID` int NOT NULL,
  `ClusterLabel` varchar(120) NOT NULL,
  `BookingCount` int DEFAULT '0',
  `TotalRevenue` decimal(15,2) DEFAULT '0.00',
  `FillRate` decimal(8,4) DEFAULT '0.0000',
  `VIPRate` decimal(8,4) DEFAULT '0.0000',
  `UpdatedAt` datetime DEFAULT CURRENT_TIMESTAMP ON UPDATE CURRENT_TIMESTAMP
) ENGINE=InnoDB DEFAULT CHARSET=utf8mb4 COLLATE=utf8mb4_0900_ai_ci;

--
-- Đang đổ dữ liệu cho bảng `tour_cluster`
--

INSERT INTO `tour_cluster` (`TourID`, `ClusterID`, `ClusterLabel`, `BookingCount`, `TotalRevenue`, `FillRate`, `VIPRate`, `UpdatedAt`) VALUES
(18, 1, '💎 Tour Cao Cấp', 3, 36000000.00, 0.0857, 0.3333, '2026-04-26 15:37:53'),
(19, 0, '📉 Tour Ít Khách', 0, 0.00, 0.0000, 0.0000, '2026-04-26 15:37:53'),
(20, 1, '💎 Tour Cao Cấp', 2, 64000000.00, 0.0444, 0.5000, '2026-04-26 15:37:53'),
(21, 1, '💎 Tour Cao Cấp', 2, 50000000.00, 0.0444, 0.5000, '2026-04-26 15:37:53'),
(22, 1, '💎 Tour Cao Cấp', 2, 40000000.00, 0.0667, 0.0000, '2026-04-26 15:37:53'),
(23, 0, '📉 Tour Ít Khách', 0, 0.00, 0.0000, 0.0000, '2026-04-26 15:37:53'),
(29, 1, '💎 Tour Cao Cấp', 1, 45000000.00, 0.0400, 0.0000, '2026-04-26 15:37:53'),
(30, 2, '🔥 Tour Hot', 24, 84000000.00, 0.8000, 0.3333, '2026-04-26 15:37:53'),
(31, 2, '🔥 Tour Hot', 14, 58800000.00, 0.5600, 0.4286, '2026-04-26 15:37:53'),
(40, 2, '🔥 Tour Hot', 13, 40300000.00, 0.4062, 0.1538, '2026-04-26 15:37:53'),
(42, 1, '💎 Tour Cao Cấp', 2, 80000000.00, 0.0800, 0.5000, '2026-04-26 15:37:53'),
(43, 1, '💎 Tour Cao Cấp', 2, 76000000.00, 0.0571, 0.5000, '2026-04-26 15:37:53'),
(44, 1, '💎 Tour Cao Cấp', 10, 50000000.00, 0.1000, 0.0000, '2026-04-26 15:37:53'),
(45, 1, '💎 Tour Cao Cấp', 1, 3000000.00, 0.0200, 1.0000, '2026-04-26 15:37:53'),
(46, 0, '📉 Tour Ít Khách', 0, 0.00, 0.0000, 0.0000, '2026-04-26 15:37:53'),
(47, 0, '📉 Tour Ít Khách', 0, 0.00, 0.0000, 0.0000, '2026-04-26 15:37:53'),
(48, 0, '📉 Tour Ít Khách', 0, 0.00, 0.0000, 0.0000, '2026-04-26 15:37:53'),
(49, 0, '📉 Tour Ít Khách', 0, 0.00, 0.0000, 0.0000, '2026-04-26 15:37:53'),
(50, 1, '💎 Tour Cao Cấp', 1, 5000000.00, 0.0200, 1.0000, '2026-04-26 15:37:53'),
(51, 0, '📉 Tour Ít Khách', 0, 0.00, 0.0000, 0.0000, '2026-04-26 15:37:53'),
(52, 0, '📉 Tour Ít Khách', 0, 0.00, 0.0000, 0.0000, '2026-04-26 15:37:53'),
(53, 0, '📉 Tour Ít Khách', 0, 0.00, 0.0000, 0.0000, '2026-04-26 15:37:53'),
(54, 0, '📉 Tour Ít Khách', 0, 0.00, 0.0000, 0.0000, '2026-04-26 15:37:53'),
(55, 0, '📉 Tour Ít Khách', 0, 0.00, 0.0000, 0.0000, '2026-04-26 15:37:53'),
(56, 0, '📉 Tour Ít Khách', 0, 0.00, 0.0000, 0.0000, '2026-04-26 15:37:53'),
(57, 0, '📉 Tour Ít Khách', 0, 0.00, 0.0000, 0.0000, '2026-04-26 15:37:53'),
(58, 1, '💎 Tour Cao Cấp', 1, 5000000.00, 0.0200, 1.0000, '2026-04-26 15:37:53'),
(59, 0, '📉 Tour Ít Khách', 0, 0.00, 0.0000, 0.0000, '2026-04-26 15:37:53'),
(60, 0, '📉 Tour Ít Khách', 0, 0.00, 0.0000, 0.0000, '2026-04-26 15:37:53'),
(61, 0, '📉 Tour Ít Khách', 0, 0.00, 0.0000, 0.0000, '2026-04-26 15:37:53'),
(62, 0, '📉 Tour Ít Khách', 0, 0.00, 0.0000, 0.0000, '2026-04-26 15:37:53'),
(63, 0, '📉 Tour Ít Khách', 0, 0.00, 0.0000, 0.0000, '2026-04-26 15:37:53'),
(64, 0, '📉 Tour Ít Khách', 0, 0.00, 0.0000, 0.0000, '2026-04-26 15:37:53'),
(65, 0, '📉 Tour Ít Khách', 0, 0.00, 0.0000, 0.0000, '2026-04-26 15:37:53'),
(66, 1, '💎 Tour Cao Cấp', 1, 50999000.00, 0.0200, 1.0000, '2026-04-26 15:37:53'),
(67, 0, '📉 Tour Ít Khách', 0, 0.00, 0.0000, 0.0000, '2026-04-26 15:37:53'),
(68, 0, '📉 Tour Ít Khách', 0, 0.00, 0.0000, 0.0000, '2026-04-26 15:37:53'),
(69, 0, '📉 Tour Ít Khách', 0, 0.00, 0.0000, 0.0000, '2026-04-26 15:37:53'),
(70, 0, '📉 Tour Ít Khách', 0, 0.00, 0.0000, 0.0000, '2026-04-26 15:37:53'),
(71, 1, '💎 Tour Cao Cấp', 1, 49990000.00, 0.0200, 1.0000, '2026-04-26 15:37:53'),
(80, 0, '📉 Tour Ít Khách', 0, 0.00, 0.0000, 0.0000, '2026-04-26 15:37:53'),
(81, 0, '📉 Tour Ít Khách', 0, 0.00, 0.0000, 0.0000, '2026-04-26 15:37:53'),
(82, 0, '📉 Tour Ít Khách', 0, 0.00, 0.0000, 0.0000, '2026-04-26 15:37:53'),
(83, 0, '📉 Tour Ít Khách', 0, 0.00, 0.0000, 0.0000, '2026-04-26 15:37:53'),
(84, 0, '📉 Tour Ít Khách', 0, 0.00, 0.0000, 0.0000, '2026-04-26 15:37:53'),
(85, 0, '📉 Tour Ít Khách', 0, 0.00, 0.0000, 0.0000, '2026-04-26 15:37:53'),
(86, 0, '📉 Tour Ít Khách', 0, 0.00, 0.0000, 0.0000, '2026-04-26 15:37:53'),
(87, 0, '📉 Tour Ít Khách', 0, 0.00, 0.0000, 0.0000, '2026-04-26 15:37:53');

-- --------------------------------------------------------

--
-- Cấu trúc bảng cho bảng `user`
--

CREATE TABLE `user` (
  `UserID` int NOT NULL,
  `FirstName` varchar(50) CHARACTER SET utf8mb4 COLLATE utf8mb4_general_ci DEFAULT NULL,
  `LastName` varchar(50) CHARACTER SET utf8mb4 COLLATE utf8mb4_general_ci DEFAULT NULL,
  `FullName` varchar(100) CHARACTER SET utf8mb4 COLLATE utf8mb4_general_ci DEFAULT NULL,
  `Password` varchar(100) CHARACTER SET utf8mb4 COLLATE utf8mb4_general_ci NOT NULL,
  `Phone` varchar(20) CHARACTER SET utf8mb4 COLLATE utf8mb4_general_ci DEFAULT NULL,
  `Email` varchar(100) CHARACTER SET utf8mb4 COLLATE utf8mb4_general_ci DEFAULT NULL,
  `RoleID` int DEFAULT NULL
) ENGINE=InnoDB DEFAULT CHARSET=utf8mb4 COLLATE=utf8mb4_general_ci;

--
-- Đang đổ dữ liệu cho bảng `user`
--

INSERT INTO `user` (`UserID`, `FirstName`, `LastName`, `FullName`, `Password`, `Phone`, `Email`, `RoleID`) VALUES
(1, 'Amin', '1', 'Admin1', '$2y$10$S6YFPPkwoSOPtBhfsBRSxulD.e2TeSBZw6s2uvB6nCFI6IqkYyT9u', '0122243434', 'admin1@gmail.com', 1),
(6, 'Admin', '2', 'Admin2', '$2y$10$3Ygpg279hGbflO1mLCUXi.6dXwz0M9ZejKZ1.ZtjoZt9QyqCZRn/y', '0122243434', 'admin3@gmail.com', 1),
(7, 'Thanh', 'Thien', 'Thanh Thien', '$2b$12$TL1tZjaaguIujfukSge3FeCYUK7D9GiiSVNwemjC377yWQgKjmS8m', '0222222222', 'thanhthien@gmail.com', 3),
(11, 'User', '2', 'User2', '$2b$12$chaCVa.5aUSFfuhABKw.oelG6R49N4pgK5zLmLyrwS9iwXk3g/tD.', '0222121212', 'user2@gmail.com', 3),
(13, 'A', 'I', 'A I', '$2b$12$VSvWphaPxrCBThx3AliH1.jMd5uy5uLeeqeqxPFyuLnd0us80n/5a', '0123455667', 'ai@gmail.com', 3),
(14, 'Đăng', 'Nguyễn Hải', 'Nguyễn Hải Đăng', '$2b$12$chaCVa.5aUSFfuhABKw.oelG6R49N4pgK5zLmLyrwS9iwXk3g/tD.', '0981000001', 'nguyenhaidang@gmail.com', 3),
(15, 'Ngọc', 'Trần Bảo', 'Trần Bảo Ngọc', '$2b$12$chaCVa.5aUSFfuhABKw.oelG6R49N4pgK5zLmLyrwS9iwXk3g/tD.', '0981000002', 'tranbaongoc@gmail.com', 3),
(16, 'Kiệt', 'Lê Tuấn', 'Lê Tuấn Kiệt', '$2b$12$chaCVa.5aUSFfuhABKw.oelG6R49N4pgK5zLmLyrwS9iwXk3g/tD.', '0981000003', 'letuankiet@gmail.com', 3),
(17, 'Thảo', 'Phạm Thu', 'Phạm Thu Thảo', '$2b$12$chaCVa.5aUSFfuhABKw.oelG6R49N4pgK5zLmLyrwS9iwXk3g/tD.', '0981000004', 'phamthuthao@gmail.com', 3),
(18, 'Minh', 'Vũ Hoàng', 'Vũ Hoàng Minh', '$2b$12$chaCVa.5aUSFfuhABKw.oelG6R49N4pgK5zLmLyrwS9iwXk3g/tD.', '0981000005', 'vuhoangminh@gmail.com', 3),
(19, 'Dung', 'Đặng Thùy', 'Đặng Thùy Dung', '$2b$12$chaCVa.5aUSFfuhABKw.oelG6R49N4pgK5zLmLyrwS9iwXk3g/tD.', '0981000006', 'dangthuydung@gmail.com', 3),
(20, 'Phát', 'Bùi Xuân', 'Bùi Xuân Phát', '$2b$12$chaCVa.5aUSFfuhABKw.oelG6R49N4pgK5zLmLyrwS9iwXk3g/tD.', '0981000007', 'buixuanphat@gmail.com', 3),
(21, 'Phương', 'Đỗ Mai', 'Đỗ Mai Phương', '$2b$12$chaCVa.5aUSFfuhABKw.oelG6R49N4pgK5zLmLyrwS9iwXk3g/tD.', '0981000008', 'domaiphuong@gmail.com', 3),
(22, 'Bảo', 'Hồ Quốc', 'Hồ Quốc Bảo', '$2b$12$chaCVa.5aUSFfuhABKw.oelG6R49N4pgK5zLmLyrwS9iwXk3g/tD.', '0981000009', 'hoquocbao@gmail.com', 3),
(23, 'Bích', 'Ngô Thị', 'Ngô Thị Bích', '$2b$12$chaCVa.5aUSFfuhABKw.oelG6R49N4pgK5zLmLyrwS9iwXk3g/tD.', '0981000010', 'ngothibich@gmail.com', 3),
(24, 'Trí', 'Dương Đức', 'Dương Đức Trí', '$2b$12$chaCVa.5aUSFfuhABKw.oelG6R49N4pgK5zLmLyrwS9iwXk3g/tD.', '0981000011', 'duongductri@gmail.com', 3),
(25, 'Kỳ', 'Lý Nhã', 'Lý Nhã Kỳ', '$2b$12$chaCVa.5aUSFfuhABKw.oelG6R49N4pgK5zLmLyrwS9iwXk3g/tD.', '0981000012', 'lynhaky@gmail.com', 3),
(26, 'Sơn', 'Hoàng Thanh', 'Hoàng Thanh Sơn', '$2b$12$chaCVa.5aUSFfuhABKw.oelG6R49N4pgK5zLmLyrwS9iwXk3g/tD.', '0981000013', 'hoangthanhson@gmail.com', 3),
(27, 'Anh', 'Phan Quỳnh', 'Phan Quỳnh Anh', '$2b$12$chaCVa.5aUSFfuhABKw.oelG6R49N4pgK5zLmLyrwS9iwXk3g/tD.', '0981000014', 'phanquynhanh@gmail.com', 3),
(28, 'Huy', 'Trương Quang', 'Trương Quang Huy', '$2b$12$chaCVa.5aUSFfuhABKw.oelG6R49N4pgK5zLmLyrwS9iwXk3g/tD.', '0981000015', 'truongquanghuy@gmail.com', 3),
(29, 'Dũng', 'Vũ Tấn', 'Vũ Tấn Dũng', '$2b$12$chaCVa.5aUSFfuhABKw.oelG6R49N4pgK5zLmLyrwS9iwXk3g/tD.', '0981000016', 'vutandung@gmail.com', 3),
(30, 'Phương', 'Nguyễn Minh', 'Nguyễn Minh Phương', '$2b$12$chaCVa.5aUSFfuhABKw.oelG6R49N4pgK5zLmLyrwS9iwXk3g/tD.', '0981000017', 'nguyenminhphuong@gmail.com', 3),
(31, 'My', 'Lê Hà', 'Lê Hà My', '$2b$12$chaCVa.5aUSFfuhABKw.oelG6R49N4pgK5zLmLyrwS9iwXk3g/tD.', '0981000018', 'lehamy@gmail.com', 3),
(32, 'Anh', 'Trần Đức', 'Trần Đức Anh', '$2b$12$chaCVa.5aUSFfuhABKw.oelG6R49N4pgK5zLmLyrwS9iwXk3g/tD.', '0981000019', 'tranducanh@gmail.com', 3),
(33, 'Hưng', 'Phạm Gia', 'Phạm Gia Hưng', '$2b$12$chaCVa.5aUSFfuhABKw.oelG6R49N4pgK5zLmLyrwS9iwXk3g/tD.', '0981000020', 'phamgiahung@gmail.com', 3),
(34, 'Ngọc', 'Võ Thị', 'Võ Thị Ngọc', '$2b$12$chaCVa.5aUSFfuhABKw.oelG6R49N4pgK5zLmLyrwS9iwXk3g/tD.', '0981000021', 'vothingoc@gmail.com', 3),
(35, 'Yến', 'Đinh Hoàng', 'Đinh Hoàng Yến', '$2b$12$chaCVa.5aUSFfuhABKw.oelG6R49N4pgK5zLmLyrwS9iwXk3g/tD.', '0981000022', 'dinhhoangyen@gmail.com', 3),
(36, 'Sơn', 'Mai Thế', 'Mai Thế Sơn', '$2b$12$chaCVa.5aUSFfuhABKw.oelG6R49N4pgK5zLmLyrwS9iwXk3g/tD.', '0981000023', 'maitheson@gmail.com', 3),
(37, 'Thắng', 'Chu Việt', 'Chu Việt Thắng', '$2b$12$chaCVa.5aUSFfuhABKw.oelG6R49N4pgK5zLmLyrwS9iwXk3g/tD.', '0981000024', 'chuvietthang@gmail.com', 3),
(38, 'Nhật', 'Đào Minh', 'Đào Minh Nhật', '$2b$12$chaCVa.5aUSFfuhABKw.oelG6R49N4pgK5zLmLyrwS9iwXk3g/tD.', '0981000025', 'daominhnhat@gmail.com', 3),
(39, 'Linh', 'Trần Phương', 'Trần Phương Linh', '$2b$12$chaCVa.5aUSFfuhABKw.oelG6R49N4pgK5zLmLyrwS9iwXk3g/tD.', '0981000026', 'tranphuonglinh@gmail.com', 3),
(40, 'Kiên', 'Nguyễn Trung', 'Nguyễn Trung Kiên', '$2b$12$chaCVa.5aUSFfuhABKw.oelG6R49N4pgK5zLmLyrwS9iwXk3g/tD.', '0981000027', 'nguyentrungkien@gmail.com', 3),
(41, 'Thanh', 'Bùi Thị', 'Bùi Thị Thanh', '$2b$12$chaCVa.5aUSFfuhABKw.oelG6R49N4pgK5zLmLyrwS9iwXk3g/tD.', '0981000028', 'buithithanh@gmail.com', 3),
(42, 'Trúc', 'Đoàn Thanh', 'Đoàn Thanh Trúc', '$2b$12$chaCVa.5aUSFfuhABKw.oelG6R49N4pgK5zLmLyrwS9iwXk3g/tD.', '0981000029', 'doanthanhtruc@gmail.com', 3),
(43, 'Phong', 'Trịnh Tuấn', 'Trịnh Tuấn Phong', '$2b$12$chaCVa.5aUSFfuhABKw.oelG6R49N4pgK5zLmLyrwS9iwXk3g/tD.', '0981000030', 'trinhtuanphong@gmail.com', 3),
(44, 'Hân', 'Lâm Gia', 'Lâm Gia Hân', '$2b$12$chaCVa.5aUSFfuhABKw.oelG6R49N4pgK5zLmLyrwS9iwXk3g/tD.', '0981000031', 'lamgiahan@gmail.com', 3),
(45, 'Tâm', 'Hồ Minh', 'Hồ Minh Tâm', '$2b$12$chaCVa.5aUSFfuhABKw.oelG6R49N4pgK5zLmLyrwS9iwXk3g/tD.', '0981000032', 'hominhtam@gmail.com', 3),
(46, 'Liên', 'Phan Cẩm', 'Phan Cẩm Liên', '$2b$12$chaCVa.5aUSFfuhABKw.oelG6R49N4pgK5zLmLyrwS9iwXk3g/tD.', '0981000033', 'phancamlien@gmail.com', 3),
(47, 'Đạt', 'Vương Quốc', 'Vương Quốc Đạt', '$2b$12$chaCVa.5aUSFfuhABKw.oelG6R49N4pgK5zLmLyrwS9iwXk3g/tD.', '0981000034', 'vuongquocdat@gmail.com', 3),
(48, 'Hà', 'Quách Thu', 'Quách Thu Hà', '$2b$12$chaCVa.5aUSFfuhABKw.oelG6R49N4pgK5zLmLyrwS9iwXk3g/tD.', '0981000035', 'quachthuha@gmail.com', 3),
(49, 'Trâm', 'Nguyễn Bảo', 'Nguyễn Bảo Trâm', '$2b$12$chaCVa.5aUSFfuhABKw.oelG6R49N4pgK5zLmLyrwS9iwXk3g/tD.', '0981000036', 'nguyenbaotram@gmail.com', 3),
(50, 'Khôi', 'Đỗ Minh', 'Đỗ Minh Khôi', '$2b$12$chaCVa.5aUSFfuhABKw.oelG6R49N4pgK5zLmLyrwS9iwXk3g/tD.', '0981000037', 'dominhkhoi@gmail.com', 3),
(51, 'Cẩm', 'Trần Thị', 'Trần Thị Cẩm', '$2b$12$chaCVa.5aUSFfuhABKw.oelG6R49N4pgK5zLmLyrwS9iwXk3g/tD.', '0981000038', 'tranthicam@gmail.com', 3),
(52, 'Đại', 'Đặng Quang', 'Đặng Quang Đại', '$2b$12$chaCVa.5aUSFfuhABKw.oelG6R49N4pgK5zLmLyrwS9iwXk3g/tD.', '0981000039', 'dangquangdai@gmail.com', 3),
(53, 'Thịnh', 'Lê Phúc', 'Lê Phúc Thịnh', '$2b$12$chaCVa.5aUSFfuhABKw.oelG6R49N4pgK5zLmLyrwS9iwXk3g/tD.', '0981000040', 'lephucthinh@gmail.com', 3),
(54, 'Michael', 'Johnson', 'Michael Johnson', '$2b$12$chaCVa.5aUSFfuhABKw.oelG6R49N4pgK5zLmLyrwS9iwXk3g/tD.', '0981000041', 'michaeljohnson@gmail.com', 3),
(55, 'Sarah', 'Williams', 'Sarah Williams', '$2b$12$chaCVa.5aUSFfuhABKw.oelG6R49N4pgK5zLmLyrwS9iwXk3g/tD.', '0981000042', 'sarahwilliams@gmail.com', 3),
(56, 'David', 'Brown', 'David Brown', '$2b$12$chaCVa.5aUSFfuhABKw.oelG6R49N4pgK5zLmLyrwS9iwXk3g/tD.', '0981000043', 'davidbrown@gmail.com', 3),
(57, 'Emily', 'Davis', 'Emily Davis', '$2b$12$chaCVa.5aUSFfuhABKw.oelG6R49N4pgK5zLmLyrwS9iwXk3g/tD.', '0981000044', 'emilydavis@gmail.com', 3),
(58, 'James', 'Wilson', 'James Wilson', '$2b$12$chaCVa.5aUSFfuhABKw.oelG6R49N4pgK5zLmLyrwS9iwXk3g/tD.', '0981000045', 'jameswilson@gmail.com', 3),
(59, 'Jessica', 'Taylor', 'Jessica Taylor', '$2b$12$chaCVa.5aUSFfuhABKw.oelG6R49N4pgK5zLmLyrwS9iwXk3g/tD.', '0981000046', 'jessicataylor@gmail.com', 3),
(60, 'Christopher', 'Anderson', 'Christopher Anderson', '$2b$12$chaCVa.5aUSFfuhABKw.oelG6R49N4pgK5zLmLyrwS9iwXk3g/tD.', '0981000047', 'chrisanderson@gmail.com', 3),
(61, 'Ashley', 'Thomas', 'Ashley Thomas', '$2b$12$chaCVa.5aUSFfuhABKw.oelG6R49N4pgK5zLmLyrwS9iwXk3g/tD.', '0981000048', 'ashleythomas@gmail.com', 3),
(62, 'Matthew', 'Martinez', 'Matthew Martinez', '$2b$12$chaCVa.5aUSFfuhABKw.oelG6R49N4pgK5zLmLyrwS9iwXk3g/tD.', '0981000049', 'mattmartinez@gmail.com', 3),
(63, 'Olivia', 'White', 'Olivia White', '$2b$12$chaCVa.5aUSFfuhABKw.oelG6R49N4pgK5zLmLyrwS9iwXk3g/tD.', '0981000050', 'oliviawhite@gmail.com', 3),
(64, 'v', 'f', 'v f', '$2b$12$jRHM7fJ3Lh4oa0oC/2OpION/AkU4iNuKzmdMkPK92GZCJueMt8Lzu', '0375227766', 'vf9@gmail.com', 3),
(66, 'User', '4', 'User 4', '$2b$12$chaCVa.5aUSFfuhABKw.oelG6R49N4pgK5zLmLyrwS9iwXk3g/tD.', '0222121214', 'user4@gmail.com', 3),
(67, 'User', '5', 'User 5', '$2b$12$chaCVa.5aUSFfuhABKw.oelG6R49N4pgK5zLmLyrwS9iwXk3g/tD.', '0222121215', 'user5@gmail.com', 3),
(68, 'User', '6', 'User 6', '$2b$12$chaCVa.5aUSFfuhABKw.oelG6R49N4pgK5zLmLyrwS9iwXk3g/tD.', '0222121216', 'user6@gmail.com', 3),
(69, 'User', '7', 'User 7', '$2b$12$chaCVa.5aUSFfuhABKw.oelG6R49N4pgK5zLmLyrwS9iwXk3g/tD.', '0222121217', 'user7@gmail.com', 3),
(70, 'User', '8', 'User 8', '$2b$12$chaCVa.5aUSFfuhABKw.oelG6R49N4pgK5zLmLyrwS9iwXk3g/tD.', '0222121218', 'user8@gmail.com', 3),
(71, 'User', '9', 'User 9', '$2b$12$chaCVa.5aUSFfuhABKw.oelG6R49N4pgK5zLmLyrwS9iwXk3g/tD.', '0222121219', 'user9@gmail.com', 3),
(72, 'User', '10', 'User 10', '$2b$12$chaCVa.5aUSFfuhABKw.oelG6R49N4pgK5zLmLyrwS9iwXk3g/tD.', '0222121220', 'user10@gmail.com', 3),
(73, 'User', '11', 'User 11', '$2b$12$chaCVa.5aUSFfuhABKw.oelG6R49N4pgK5zLmLyrwS9iwXk3g/tD.', '0222121221', 'user11@gmail.com', 3),
(74, 'User', '12', 'User 12', '$2b$12$chaCVa.5aUSFfuhABKw.oelG6R49N4pgK5zLmLyrwS9iwXk3g/tD.', '0222121222', 'user12@gmail.com', 3),
(75, 'User', '13', 'User 13', '$2b$12$chaCVa.5aUSFfuhABKw.oelG6R49N4pgK5zLmLyrwS9iwXk3g/tD.', '0222121223', 'user13@gmail.com', 3),
(76, 'User', '104', 'User 104', '$2b$12$chaCVa.5aUSFfuhABKw.oelG6R49N4pgK5zLmLyrwS9iwXk3g/tD.', '0222121224', 'user104@gmail.com', 3);

--
-- Chỉ mục cho các bảng đã đổ
--

--
-- Chỉ mục cho bảng `bank_txn`
--
ALTER TABLE `bank_txn`
  ADD PRIMARY KEY (`BankTxnID`),
  ADD UNIQUE KEY `ProviderRef` (`ProviderRef`);

--
-- Chỉ mục cho bảng `booking`
--
ALTER TABLE `booking`
  ADD PRIMARY KEY (`BookingID`),
  ADD UNIQUE KEY `OrderCode` (`OrderCode`),
  ADD KEY `UserID` (`UserID`),
  ADD KEY `TourID` (`TourID`),
  ADD KEY `DiscountID` (`DiscountID`);

--
-- Chỉ mục cho bảng `category`
--
ALTER TABLE `category`
  ADD PRIMARY KEY (`CategoryID`);

--
-- Chỉ mục cho bảng `comment`
--
ALTER TABLE `comment`
  ADD PRIMARY KEY (`CommentID`),
  ADD KEY `UserID` (`UserID`),
  ADD KEY `TourID` (`TourID`);

--
-- Chỉ mục cho bảng `customer_segment`
--
ALTER TABLE `customer_segment`
  ADD PRIMARY KEY (`UserID`);

--
-- Chỉ mục cho bảng `discount`
--
ALTER TABLE `discount`
  ADD PRIMARY KEY (`DiscountID`),
  ADD UNIQUE KEY `Code` (`Code`);

--
-- Chỉ mục cho bảng `payment`
--
ALTER TABLE `payment`
  ADD PRIMARY KEY (`PaymentID`),
  ADD KEY `BookingID` (`BookingID`);

--
-- Chỉ mục cho bảng `photo`
--
ALTER TABLE `photo`
  ADD PRIMARY KEY (`PhotoID`),
  ADD KEY `TourID` (`TourID`);

--
-- Chỉ mục cho bảng `role`
--
ALTER TABLE `role`
  ADD PRIMARY KEY (`RoleID`);

--
-- Chỉ mục cho bảng `support_message`
--
ALTER TABLE `support_message`
  ADD PRIMARY KEY (`id`),
  ADD KEY `thread_id` (`thread_id`);

--
-- Chỉ mục cho bảng `support_thread`
--
ALTER TABLE `support_thread`
  ADD PRIMARY KEY (`id`);

--
-- Chỉ mục cho bảng `tour`
--
ALTER TABLE `tour`
  ADD PRIMARY KEY (`TourID`),
  ADD KEY `CategoryID` (`CategoryID`);

--
-- Chỉ mục cho bảng `tour_cluster`
--
ALTER TABLE `tour_cluster`
  ADD PRIMARY KEY (`TourID`);

--
-- Chỉ mục cho bảng `user`
--
ALTER TABLE `user`
  ADD PRIMARY KEY (`UserID`),
  ADD UNIQUE KEY `Email` (`Email`),
  ADD KEY `RoleID` (`RoleID`);

--
-- AUTO_INCREMENT cho các bảng đã đổ
--

--
-- AUTO_INCREMENT cho bảng `bank_txn`
--
ALTER TABLE `bank_txn`
  MODIFY `BankTxnID` int NOT NULL AUTO_INCREMENT;

--
-- AUTO_INCREMENT cho bảng `booking`
--
ALTER TABLE `booking`
  MODIFY `BookingID` int NOT NULL AUTO_INCREMENT, AUTO_INCREMENT=127;

--
-- AUTO_INCREMENT cho bảng `category`
--
ALTER TABLE `category`
  MODIFY `CategoryID` int NOT NULL AUTO_INCREMENT, AUTO_INCREMENT=12;

--
-- AUTO_INCREMENT cho bảng `comment`
--
ALTER TABLE `comment`
  MODIFY `CommentID` int NOT NULL AUTO_INCREMENT, AUTO_INCREMENT=26;

--
-- AUTO_INCREMENT cho bảng `discount`
--
ALTER TABLE `discount`
  MODIFY `DiscountID` int NOT NULL AUTO_INCREMENT, AUTO_INCREMENT=6;

--
-- AUTO_INCREMENT cho bảng `payment`
--
ALTER TABLE `payment`
  MODIFY `PaymentID` int NOT NULL AUTO_INCREMENT, AUTO_INCREMENT=118;

--
-- AUTO_INCREMENT cho bảng `photo`
--
ALTER TABLE `photo`
  MODIFY `PhotoID` int NOT NULL AUTO_INCREMENT, AUTO_INCREMENT=159;

--
-- AUTO_INCREMENT cho bảng `role`
--
ALTER TABLE `role`
  MODIFY `RoleID` int NOT NULL AUTO_INCREMENT, AUTO_INCREMENT=4;

--
-- AUTO_INCREMENT cho bảng `support_message`
--
ALTER TABLE `support_message`
  MODIFY `id` int NOT NULL AUTO_INCREMENT, AUTO_INCREMENT=773;

--
-- AUTO_INCREMENT cho bảng `support_thread`
--
ALTER TABLE `support_thread`
  MODIFY `id` int NOT NULL AUTO_INCREMENT, AUTO_INCREMENT=87;

--
-- AUTO_INCREMENT cho bảng `tour`
--
ALTER TABLE `tour`
  MODIFY `TourID` int NOT NULL AUTO_INCREMENT, AUTO_INCREMENT=88;

--
-- AUTO_INCREMENT cho bảng `user`
--
ALTER TABLE `user`
  MODIFY `UserID` int NOT NULL AUTO_INCREMENT, AUTO_INCREMENT=77;

--
-- Ràng buộc đối với các bảng kết xuất
--

--
-- Ràng buộc cho bảng `booking`
--
ALTER TABLE `booking`
  ADD CONSTRAINT `booking_ibfk_1` FOREIGN KEY (`UserID`) REFERENCES `user` (`UserID`) ON DELETE CASCADE,
  ADD CONSTRAINT `booking_ibfk_2` FOREIGN KEY (`TourID`) REFERENCES `tour` (`TourID`),
  ADD CONSTRAINT `booking_ibfk_3` FOREIGN KEY (`DiscountID`) REFERENCES `discount` (`DiscountID`);

--
-- Ràng buộc cho bảng `comment`
--
ALTER TABLE `comment`
  ADD CONSTRAINT `comment_ibfk_1` FOREIGN KEY (`UserID`) REFERENCES `user` (`UserID`) ON DELETE CASCADE,
  ADD CONSTRAINT `comment_ibfk_2` FOREIGN KEY (`TourID`) REFERENCES `tour` (`TourID`);

--
-- Ràng buộc cho bảng `payment`
--
ALTER TABLE `payment`
  ADD CONSTRAINT `payment_ibfk_1` FOREIGN KEY (`BookingID`) REFERENCES `booking` (`BookingID`);

--
-- Ràng buộc cho bảng `photo`
--
ALTER TABLE `photo`
  ADD CONSTRAINT `photo_ibfk_1` FOREIGN KEY (`TourID`) REFERENCES `tour` (`TourID`);

--
-- Ràng buộc cho bảng `support_message`
--
ALTER TABLE `support_message`
  ADD CONSTRAINT `support_message_ibfk_1` FOREIGN KEY (`thread_id`) REFERENCES `support_thread` (`id`);

--
-- Ràng buộc cho bảng `tour`
--
ALTER TABLE `tour`
  ADD CONSTRAINT `tour_ibfk_1` FOREIGN KEY (`CategoryID`) REFERENCES `category` (`CategoryID`);

--
-- Ràng buộc cho bảng `user`
--
ALTER TABLE `user`
  ADD CONSTRAINT `user_ibfk_1` FOREIGN KEY (`RoleID`) REFERENCES `role` (`RoleID`);
COMMIT;

/*!40101 SET CHARACTER_SET_CLIENT=@OLD_CHARACTER_SET_CLIENT */;
/*!40101 SET CHARACTER_SET_RESULTS=@OLD_CHARACTER_SET_RESULTS */;
/*!40101 SET COLLATION_CONNECTION=@OLD_COLLATION_CONNECTION */;
